ISO-10303-21;
HEADER;

/* File generated by Shapr3D Version 26.170.0.11783 */

FILE_DESCRIPTION(('HOOPS Exchange Step'),'2;1');

FILE_NAME('/private/var/mobile/Containers/Data/Application/E4447B57-5B92-447E-AED9-8BF0A6B33187/tmp/export/temp_export',
'2026-09-25T15:13:44-04:00',
('mobile'),
('Shapr3D Limited'),
'HOOPS Exchange 2026.3',
'Shapr3D',
'Authorized');

FILE_SCHEMA( ('AP242_MANAGED_MODEL_BASED_3D_ENGINEERING_MIM_LF {1 0 10303 442 1 1 4}') );

ENDSEC;

DATA;
#3=(NAMED_UNIT(*)PLANE_ANGLE_UNIT()SI_UNIT($,.RADIAN.));
#4=PLANE_ANGLE_MEASURE_WITH_UNIT(PLANE_ANGLE_MEASURE(0.0174532925),#3);
#5=(CONVERSION_BASED_UNIT('DEGREE',#4)NAMED_UNIT(#6)PLANE_ANGLE_UNIT());
#6=DIMENSIONAL_EXPONENTS(0.,0.,0.,0.,0.,0.,0.);
#7=(NAMED_UNIT(*)SI_UNIT($,.STERADIAN.)SOLID_ANGLE_UNIT());
#8=(LENGTH_UNIT()NAMED_UNIT(*)SI_UNIT(.MILLI.,.METRE.));
#9=UNCERTAINTY_MEASURE_WITH_UNIT(LENGTH_MEASURE(1.000000E-05),#8,'DISTANCE_ACCURACY_VALUE','Maximum Tolerance applied to model');
#10=(GEOMETRIC_REPRESENTATION_CONTEXT(3)GLOBAL_UNCERTAINTY_ASSIGNED_CONTEXT((#9))GLOBAL_UNIT_ASSIGNED_CONTEXT((#8,#5,#7))REPRESENTATION_CONTEXT('','root'));
#12=CARTESIAN_POINT('',(0.,0.,0.));
#13=DIRECTION('',(0.,0.,1.));
#14=DIRECTION('',(1.,0.,0.));
#15=AXIS2_PLACEMENT_3D('',#12,#13,#14);
#27=CARTESIAN_POINT('',(35.,124.,2.));
#28=DIRECTION('',(0.,1.,0.));
#29=DIRECTION('',(0.,0.,1.));
#30=AXIS2_PLACEMENT_3D('',#27,#28,#29);
#31=PLANE('',#30);
#32=CARTESIAN_POINT('',(100.022179014,124.,5.));
#33=VERTEX_POINT('',#32);
#34=CARTESIAN_POINT('',(100.,124.,5.));
#35=VERTEX_POINT('',#34);
#36=CARTESIAN_POINT('',(100.022179014,124.,5.));
#37=DIRECTION('',(-1.,0.,0.));
#38=VECTOR('',#37,0.022179014);
#39=LINE('',#36,#38);
#40=EDGE_CURVE('',#33,#35,#39,.T.);
#41=ORIENTED_EDGE('',*,*,#40,.T.);
#42=CARTESIAN_POINT('',(100.,124.,2.));
#43=VERTEX_POINT('',#42);
#44=CARTESIAN_POINT('',(100.,124.,5.));
#45=DIRECTION('',(0.,0.,-1.));
#46=VECTOR('',#45,3.);
#47=LINE('',#44,#46);
#48=EDGE_CURVE('',#35,#43,#47,.T.);
#49=ORIENTED_EDGE('',*,*,#48,.T.);
#50=CARTESIAN_POINT('',(99.954892915,124.,2.));
#51=VERTEX_POINT('',#50);
#52=CARTESIAN_POINT('',(100.,124.,2.));
#53=DIRECTION('',(-1.,0.,0.));
#54=VECTOR('',#53,0.045107085);
#55=LINE('',#52,#54);
#56=EDGE_CURVE('',#43,#51,#55,.T.);
#57=ORIENTED_EDGE('',*,*,#56,.T.);
#58=CARTESIAN_POINT('',(99.954892915,124.,1.939018085));
#59=VERTEX_POINT('',#58);
#60=CARTESIAN_POINT('',(99.954892915,124.,2.));
#61=DIRECTION('',(-0.,0.,-1.));
#62=VECTOR('',#61,0.060981915);
#63=LINE('',#60,#62);
#64=EDGE_CURVE('',#51,#59,#63,.T.);
#65=ORIENTED_EDGE('',*,*,#64,.T.);
#66=CARTESIAN_POINT('',(97.815423176,124.,-0.));
#67=VERTEX_POINT('',#66);
#68=CARTESIAN_POINT('',(99.954892915,124.,1.939018085));
#69=DIRECTION('',(-0.740965645,0.,-0.671542934));
#70=VECTOR('',#69,2.88740747);
#71=LINE('',#68,#70);
#72=EDGE_CURVE('',#59,#67,#71,.T.);
#73=ORIENTED_EDGE('',*,*,#72,.T.);
#74=CARTESIAN_POINT('',(2.,124.,-0.));
#75=VERTEX_POINT('',#74);
#76=CARTESIAN_POINT('',(2.,124.,-0.));
#77=DIRECTION('',(1.,0.,-0.));
#78=VECTOR('',#77,95.815423176);
#79=LINE('',#76,#78);
#80=EDGE_CURVE('',#75,#67,#79,.T.);
#81=ORIENTED_EDGE('',*,*,#80,.F.);
#82=CARTESIAN_POINT('',(2.,124.,7.));
#83=VERTEX_POINT('',#82);
#84=CARTESIAN_POINT('',(2.,124.,-0.));
#85=DIRECTION('',(0.,-0.,1.));
#86=VECTOR('',#85,7.);
#87=LINE('',#84,#86);
#88=EDGE_CURVE('',#75,#83,#87,.T.);
#89=ORIENTED_EDGE('',*,*,#88,.T.);
#90=CARTESIAN_POINT('',(23.,124.,7.));
#91=VERTEX_POINT('',#90);
#92=CARTESIAN_POINT('',(2.,124.,7.));
#93=DIRECTION('',(1.,0.,-0.));
#94=VECTOR('',#93,21.);
#95=LINE('',#92,#94);
#96=EDGE_CURVE('',#83,#91,#95,.T.);
#97=ORIENTED_EDGE('',*,*,#96,.T.);
#98=CARTESIAN_POINT('',(23.,124.,1.));
#99=VERTEX_POINT('',#98);
#100=CARTESIAN_POINT('',(23.,124.,1.));
#101=DIRECTION('',(0.,0.,1.));
#102=VECTOR('',#101,6.);
#103=LINE('',#100,#102);
#104=EDGE_CURVE('',#99,#91,#103,.T.);
#105=ORIENTED_EDGE('',*,*,#104,.F.);
#106=CARTESIAN_POINT('',(32.,124.,1.));
#107=VERTEX_POINT('',#106);
#108=CARTESIAN_POINT('',(23.,124.,1.));
#109=DIRECTION('',(1.,0.,-0.));
#110=VECTOR('',#109,9.);
#111=LINE('',#108,#110);
#112=EDGE_CURVE('',#99,#107,#111,.T.);
#113=ORIENTED_EDGE('',*,*,#112,.T.);
#114=CARTESIAN_POINT('',(32.,124.,7.));
#115=VERTEX_POINT('',#114);
#116=CARTESIAN_POINT('',(32.,124.,1.));
#117=DIRECTION('',(0.,0.,1.));
#118=VECTOR('',#117,6.);
#119=LINE('',#116,#118);
#120=EDGE_CURVE('',#107,#115,#119,.T.);
#121=ORIENTED_EDGE('',*,*,#120,.T.);
#122=CARTESIAN_POINT('',(104.,124.,7.));
#123=VERTEX_POINT('',#122);
#124=CARTESIAN_POINT('',(104.,124.,7.));
#125=DIRECTION('',(-1.,0.,0.));
#126=VECTOR('',#125,72.);
#127=LINE('',#124,#126);
#128=EDGE_CURVE('',#123,#115,#127,.T.);
#129=ORIENTED_EDGE('',*,*,#128,.F.);
#130=CARTESIAN_POINT('',(104.,124.,5.605130135));
#131=VERTEX_POINT('',#130);
#132=CARTESIAN_POINT('',(104.,124.,7.));
#133=DIRECTION('',(-0.,0.,-1.));
#134=VECTOR('',#133,1.394869865);
#135=LINE('',#132,#134);
#136=EDGE_CURVE('',#123,#131,#135,.T.);
#137=ORIENTED_EDGE('',*,*,#136,.T.);
#138=CARTESIAN_POINT('',(100.022179014,124.,2.));
#139=VERTEX_POINT('',#138);
#140=CARTESIAN_POINT('',(104.,124.,5.605130135));
#141=DIRECTION('',(-0.740965645,0.,-0.671542934));
#142=VECTOR('',#141,5.368428363);
#143=LINE('',#140,#142);
#144=EDGE_CURVE('',#131,#139,#143,.T.);
#145=ORIENTED_EDGE('',*,*,#144,.T.);
#146=CARTESIAN_POINT('',(100.022179014,124.,2.));
#147=DIRECTION('',(0.,0.,1.));
#148=VECTOR('',#147,3.);
#149=LINE('',#146,#148);
#150=EDGE_CURVE('',#139,#33,#149,.T.);
#151=ORIENTED_EDGE('',*,*,#150,.T.);
#152=EDGE_LOOP('',(#41,#49,#57,#65,#73,#81,#89,#97,#105,#113,#121,#129,#137,#145,#151));
#153=FACE_BOUND('',#152,.T.);
#154=ADVANCED_FACE('',(#153),#31,.T.);
#155=CARTESIAN_POINT('',(3.,3.,3.));
#156=DIRECTION('',(-0.,0.,-1.));
#157=DIRECTION('',(1.,0.,-0.));
#158=AXIS2_PLACEMENT_3D('',#155,#156,#157);
#159=PLANE('',#158);
#160=CARTESIAN_POINT('',(7.,56.,3.));
#161=VERTEX_POINT('',#160);
#162=CARTESIAN_POINT('',(9.,56.,3.));
#163=VERTEX_POINT('',#162);
#164=CARTESIAN_POINT('',(8.,56.,3.));
#165=DIRECTION('',(0.,0.,1.));
#166=DIRECTION('',(1.,0.,-0.));
#167=AXIS2_PLACEMENT_3D('',#164,#165,#166);
#168=CIRCLE('',#167,1.);
#169=EDGE_CURVE('',#161,#163,#168,.T.);
#170=ORIENTED_EDGE('',*,*,#169,.F.);
#171=CARTESIAN_POINT('',(8.,56.,3.));
#172=DIRECTION('',(0.,0.,1.));
#173=DIRECTION('',(1.,0.,-0.));
#174=AXIS2_PLACEMENT_3D('',#171,#172,#173);
#175=CIRCLE('',#174,1.);
#176=EDGE_CURVE('',#163,#161,#175,.T.);
#177=ORIENTED_EDGE('',*,*,#176,.F.);
#178=EDGE_LOOP('',(#170,#177));
#179=FACE_BOUND('',#178,.T.);
#180=CARTESIAN_POINT('',(99.,58.,3.));
#181=VERTEX_POINT('',#180);
#182=CARTESIAN_POINT('',(98.,58.,3.));
#183=DIRECTION('',(0.,0.,1.));
#184=DIRECTION('',(1.,0.,-0.));
#185=AXIS2_PLACEMENT_3D('',#182,#183,#184);
#186=CIRCLE('',#185,1.);
#187=EDGE_CURVE('',#181,#181,#186,.T.);
#188=ORIENTED_EDGE('',*,*,#187,.F.);
#189=EDGE_LOOP('',(#188));
#190=FACE_BOUND('',#189,.T.);
#191=CARTESIAN_POINT('',(47.610041268,81.36442537,3.));
#192=VERTEX_POINT('',#191);
#193=CARTESIAN_POINT('',(103.5,107.426341141,3.));
#194=VERTEX_POINT('',#193);
#195=CARTESIAN_POINT('',(47.610041268,81.36442537,3.));
#196=DIRECTION('',(0.906307787,0.422618262,-0.));
#197=VECTOR('',#196,61.667746357);
#198=LINE('',#195,#197);
#199=EDGE_CURVE('',#192,#194,#198,.T.);
#200=ORIENTED_EDGE('',*,*,#199,.F.);
#201=CARTESIAN_POINT('',(38.946366902,99.943735004,3.));
#202=VERTEX_POINT('',#201);
#203=CARTESIAN_POINT('',(38.946366902,99.943735004,3.));
#204=DIRECTION('',(0.422618262,-0.906307787,-0.));
#205=VECTOR('',#204,20.5);
#206=LINE('',#203,#205);
#207=EDGE_CURVE('',#202,#192,#206,.T.);
#208=ORIENTED_EDGE('',*,*,#207,.F.);
#209=CARTESIAN_POINT('',(75.523645224,117.,3.));
#210=VERTEX_POINT('',#209);
#211=CARTESIAN_POINT('',(75.523645224,117.,3.));
#212=DIRECTION('',(-0.906307787,-0.422618262,0.));
#213=VECTOR('',#212,40.358561236);
#214=LINE('',#211,#213);
#215=EDGE_CURVE('',#210,#202,#214,.T.);
#216=ORIENTED_EDGE('',*,*,#215,.F.);
#217=CARTESIAN_POINT('',(42.,117.,3.));
#218=VERTEX_POINT('',#217);
#219=CARTESIAN_POINT('',(42.,117.,3.));
#220=DIRECTION('',(1.,0.,-0.));
#221=VECTOR('',#220,33.523645224);
#222=LINE('',#219,#221);
#223=EDGE_CURVE('',#218,#210,#222,.T.);
#224=ORIENTED_EDGE('',*,*,#223,.F.);
#225=CARTESIAN_POINT('',(42.,122.,3.));
#226=VERTEX_POINT('',#225);
#227=CARTESIAN_POINT('',(42.,122.,3.));
#228=DIRECTION('',(0.,-1.,0.));
#229=VECTOR('',#228,5.);
#230=LINE('',#227,#229);
#231=EDGE_CURVE('',#226,#218,#230,.T.);
#232=ORIENTED_EDGE('',*,*,#231,.F.);
#233=CARTESIAN_POINT('',(38.,122.,3.));
#234=VERTEX_POINT('',#233);
#235=CARTESIAN_POINT('',(38.,122.,3.));
#236=DIRECTION('',(1.,0.,-0.));
#237=VECTOR('',#236,4.);
#238=LINE('',#235,#237);
#239=EDGE_CURVE('',#234,#226,#238,.T.);
#240=ORIENTED_EDGE('',*,*,#239,.F.);
#241=CARTESIAN_POINT('',(38.,91.,3.));
#242=VERTEX_POINT('',#241);
#243=CARTESIAN_POINT('',(38.,91.,3.));
#244=DIRECTION('',(-0.,1.,-0.));
#245=VECTOR('',#244,31.);
#246=LINE('',#243,#245);
#247=EDGE_CURVE('',#242,#234,#246,.T.);
#248=ORIENTED_EDGE('',*,*,#247,.F.);
#249=CARTESIAN_POINT('',(17.,91.,3.));
#250=VERTEX_POINT('',#249);
#251=CARTESIAN_POINT('',(38.,91.,3.));
#252=DIRECTION('',(-1.,0.,0.));
#253=VECTOR('',#252,21.);
#254=LINE('',#251,#253);
#255=EDGE_CURVE('',#242,#250,#254,.T.);
#256=ORIENTED_EDGE('',*,*,#255,.T.);
#257=CARTESIAN_POINT('',(17.,67.,3.));
#258=VERTEX_POINT('',#257);
#259=CARTESIAN_POINT('',(17.,67.,3.));
#260=DIRECTION('',(0.,1.,0.));
#261=VECTOR('',#260,24.);
#262=LINE('',#259,#261);
#263=EDGE_CURVE('',#258,#250,#262,.T.);
#264=ORIENTED_EDGE('',*,*,#263,.F.);
#265=CARTESIAN_POINT('',(89.,67.,3.));
#266=VERTEX_POINT('',#265);
#267=CARTESIAN_POINT('',(89.,67.,3.));
#268=DIRECTION('',(-1.,0.,0.));
#269=VECTOR('',#268,72.);
#270=LINE('',#267,#269);
#271=EDGE_CURVE('',#266,#258,#270,.T.);
#272=ORIENTED_EDGE('',*,*,#271,.F.);
#273=CARTESIAN_POINT('',(89.,81.,3.));
#274=VERTEX_POINT('',#273);
#275=CARTESIAN_POINT('',(89.,81.,3.));
#276=DIRECTION('',(0.,-1.,0.));
#277=VECTOR('',#276,14.);
#278=LINE('',#275,#277);
#279=EDGE_CURVE('',#274,#266,#278,.T.);
#280=ORIENTED_EDGE('',*,*,#279,.F.);
#281=CARTESIAN_POINT('',(90.,82.,3.));
#282=VERTEX_POINT('',#281);
#283=CARTESIAN_POINT('',(90.,81.,3.));
#284=DIRECTION('',(-0.,0.,-1.));
#285=DIRECTION('',(-1.,0.,0.));
#286=AXIS2_PLACEMENT_3D('',#283,#284,#285);
#287=CIRCLE('',#286,1.);
#288=EDGE_CURVE('',#274,#282,#287,.T.);
#289=ORIENTED_EDGE('',*,*,#288,.T.);
#290=CARTESIAN_POINT('',(91.5,82.,3.));
#291=VERTEX_POINT('',#290);
#292=CARTESIAN_POINT('',(90.,82.,3.));
#293=DIRECTION('',(1.,0.,-0.));
#294=VECTOR('',#293,1.5);
#295=LINE('',#292,#294);
#296=EDGE_CURVE('',#282,#291,#295,.T.);
#297=ORIENTED_EDGE('',*,*,#296,.T.);
#298=CARTESIAN_POINT('',(92.5,81.,3.));
#299=VERTEX_POINT('',#298);
#300=CARTESIAN_POINT('',(91.5,81.,3.));
#301=DIRECTION('',(-0.,0.,-1.));
#302=DIRECTION('',(-1.,0.,0.));
#303=AXIS2_PLACEMENT_3D('',#300,#301,#302);
#304=CIRCLE('',#303,1.);
#305=EDGE_CURVE('',#291,#299,#304,.T.);
#306=ORIENTED_EDGE('',*,*,#305,.T.);
#307=CARTESIAN_POINT('',(92.5,63.5,3.));
#308=VERTEX_POINT('',#307);
#309=CARTESIAN_POINT('',(92.5,81.,3.));
#310=DIRECTION('',(-0.,-1.,0.));
#311=VECTOR('',#310,17.5);
#312=LINE('',#309,#311);
#313=EDGE_CURVE('',#299,#308,#312,.T.);
#314=ORIENTED_EDGE('',*,*,#313,.T.);
#315=CARTESIAN_POINT('',(13.5,63.5,3.));
#316=VERTEX_POINT('',#315);
#317=CARTESIAN_POINT('',(92.5,63.5,3.));
#318=DIRECTION('',(-1.,0.,0.));
#319=VECTOR('',#318,79.);
#320=LINE('',#317,#319);
#321=EDGE_CURVE('',#308,#316,#320,.T.);
#322=ORIENTED_EDGE('',*,*,#321,.T.);
#323=CARTESIAN_POINT('',(13.5,103.5,3.));
#324=VERTEX_POINT('',#323);
#325=CARTESIAN_POINT('',(13.5,63.5,3.));
#326=DIRECTION('',(0.,1.,0.));
#327=VECTOR('',#326,40.);
#328=LINE('',#325,#327);
#329=EDGE_CURVE('',#316,#324,#328,.T.);
#330=ORIENTED_EDGE('',*,*,#329,.T.);
#331=CARTESIAN_POINT('',(2.5,103.5,3.));
#332=VERTEX_POINT('',#331);
#333=CARTESIAN_POINT('',(13.5,103.5,3.));
#334=DIRECTION('',(-1.,0.,0.));
#335=VECTOR('',#334,11.);
#336=LINE('',#333,#335);
#337=EDGE_CURVE('',#324,#332,#336,.T.);
#338=ORIENTED_EDGE('',*,*,#337,.T.);
#339=CARTESIAN_POINT('',(2.5,2.5,3.));
#340=VERTEX_POINT('',#339);
#341=CARTESIAN_POINT('',(2.5,103.5,3.));
#342=DIRECTION('',(0.,-1.,0.));
#343=VECTOR('',#342,101.);
#344=LINE('',#341,#343);
#345=EDGE_CURVE('',#332,#340,#344,.T.);
#346=ORIENTED_EDGE('',*,*,#345,.T.);
#347=CARTESIAN_POINT('',(99.,2.5,3.));
#348=VERTEX_POINT('',#347);
#349=CARTESIAN_POINT('',(2.5,2.5,3.));
#350=DIRECTION('',(1.,0.,-0.));
#351=VECTOR('',#350,96.5);
#352=LINE('',#349,#351);
#353=EDGE_CURVE('',#340,#348,#352,.T.);
#354=ORIENTED_EDGE('',*,*,#353,.T.);
#355=CARTESIAN_POINT('',(99.,11.,3.));
#356=VERTEX_POINT('',#355);
#357=CARTESIAN_POINT('',(99.,11.,3.));
#358=DIRECTION('',(0.,-1.,0.));
#359=VECTOR('',#358,8.5);
#360=LINE('',#357,#359);
#361=EDGE_CURVE('',#356,#348,#360,.T.);
#362=ORIENTED_EDGE('',*,*,#361,.F.);
#363=CARTESIAN_POINT('',(11.,11.,3.));
#364=VERTEX_POINT('',#363);
#365=CARTESIAN_POINT('',(99.,11.,3.));
#366=DIRECTION('',(-1.,0.,0.));
#367=VECTOR('',#366,88.);
#368=LINE('',#365,#367);
#369=EDGE_CURVE('',#356,#364,#368,.T.);
#370=ORIENTED_EDGE('',*,*,#369,.T.);
#371=CARTESIAN_POINT('',(11.,61.,3.));
#372=VERTEX_POINT('',#371);
#373=CARTESIAN_POINT('',(11.,61.,3.));
#374=DIRECTION('',(0.,-1.,-0.));
#375=VECTOR('',#374,50.);
#376=LINE('',#373,#375);
#377=EDGE_CURVE('',#372,#364,#376,.T.);
#378=ORIENTED_EDGE('',*,*,#377,.F.);
#379=CARTESIAN_POINT('',(43.,61.,3.));
#380=VERTEX_POINT('',#379);
#381=CARTESIAN_POINT('',(43.,61.,3.));
#382=DIRECTION('',(-1.,-0.,0.));
#383=VECTOR('',#382,32.);
#384=LINE('',#381,#383);
#385=EDGE_CURVE('',#380,#372,#384,.T.);
#386=ORIENTED_EDGE('',*,*,#385,.F.);
#387=CARTESIAN_POINT('',(43.,63.,3.));
#388=VERTEX_POINT('',#387);
#389=CARTESIAN_POINT('',(43.,63.,3.));
#390=DIRECTION('',(0.,-1.,0.));
#391=VECTOR('',#390,2.);
#392=LINE('',#389,#391);
#393=EDGE_CURVE('',#388,#380,#392,.T.);
#394=ORIENTED_EDGE('',*,*,#393,.F.);
#395=CARTESIAN_POINT('',(63.,63.,3.));
#396=VERTEX_POINT('',#395);
#397=CARTESIAN_POINT('',(63.,63.,3.));
#398=DIRECTION('',(-1.,0.,0.));
#399=VECTOR('',#398,20.);
#400=LINE('',#397,#399);
#401=EDGE_CURVE('',#396,#388,#400,.T.);
#402=ORIENTED_EDGE('',*,*,#401,.F.);
#403=CARTESIAN_POINT('',(63.,61.,3.));
#404=VERTEX_POINT('',#403);
#405=CARTESIAN_POINT('',(63.,61.,3.));
#406=DIRECTION('',(0.,1.,0.));
#407=VECTOR('',#406,2.);
#408=LINE('',#405,#407);
#409=EDGE_CURVE('',#404,#396,#408,.T.);
#410=ORIENTED_EDGE('',*,*,#409,.F.);
#411=CARTESIAN_POINT('',(92.5,61.,3.));
#412=VERTEX_POINT('',#411);
#413=CARTESIAN_POINT('',(92.5,61.,3.));
#414=DIRECTION('',(-1.,0.,0.));
#415=VECTOR('',#414,29.5);
#416=LINE('',#413,#415);
#417=EDGE_CURVE('',#412,#404,#416,.T.);
#418=ORIENTED_EDGE('',*,*,#417,.F.);
#419=CARTESIAN_POINT('',(92.5,56.,3.));
#420=VERTEX_POINT('',#419);
#421=CARTESIAN_POINT('',(92.5,56.,3.));
#422=DIRECTION('',(0.,1.,0.));
#423=VECTOR('',#422,5.);
#424=LINE('',#421,#423);
#425=EDGE_CURVE('',#420,#412,#424,.T.);
#426=ORIENTED_EDGE('',*,*,#425,.F.);
#427=CARTESIAN_POINT('',(103.,56.,3.));
#428=VERTEX_POINT('',#427);
#429=CARTESIAN_POINT('',(103.,56.,3.));
#430=DIRECTION('',(-1.,0.,0.));
#431=VECTOR('',#430,10.5);
#432=LINE('',#429,#431);
#433=EDGE_CURVE('',#428,#420,#432,.T.);
#434=ORIENTED_EDGE('',*,*,#433,.F.);
#435=CARTESIAN_POINT('',(103.,11.,3.));
#436=VERTEX_POINT('',#435);
#437=CARTESIAN_POINT('',(103.,11.,3.));
#438=DIRECTION('',(0.,1.,0.));
#439=VECTOR('',#438,45.);
#440=LINE('',#437,#439);
#441=EDGE_CURVE('',#436,#428,#440,.T.);
#442=ORIENTED_EDGE('',*,*,#441,.F.);
#443=CARTESIAN_POINT('',(103.5,11.,3.));
#444=VERTEX_POINT('',#443);
#445=CARTESIAN_POINT('',(103.5,11.,3.));
#446=DIRECTION('',(-1.,0.,0.));
#447=VECTOR('',#446,0.5);
#448=LINE('',#445,#447);
#449=EDGE_CURVE('',#444,#436,#448,.T.);
#450=ORIENTED_EDGE('',*,*,#449,.F.);
#451=CARTESIAN_POINT('',(103.5,76.541960108,3.));
#452=VERTEX_POINT('',#451);
#453=CARTESIAN_POINT('',(103.5,11.,3.));
#454=DIRECTION('',(0.,1.,0.));
#455=VECTOR('',#454,65.541960108);
#456=LINE('',#453,#455);
#457=EDGE_CURVE('',#444,#452,#456,.T.);
#458=ORIENTED_EDGE('',*,*,#457,.T.);
#459=CARTESIAN_POINT('',(104.5,77.541960108,3.));
#460=VERTEX_POINT('',#459);
#461=CARTESIAN_POINT('',(104.5,76.541960108,3.));
#462=DIRECTION('',(-0.,0.,-1.));
#463=DIRECTION('',(-1.,0.,0.));
#464=AXIS2_PLACEMENT_3D('',#461,#462,#463);
#465=CIRCLE('',#464,1.);
#466=EDGE_CURVE('',#452,#460,#465,.T.);
#467=ORIENTED_EDGE('',*,*,#466,.T.);
#468=CARTESIAN_POINT('',(105.,77.541960108,3.));
#469=VERTEX_POINT('',#468);
#470=CARTESIAN_POINT('',(104.5,77.541960108,3.));
#471=DIRECTION('',(1.,0.,0.));
#472=VECTOR('',#471,0.5);
#473=LINE('',#470,#472);
#474=EDGE_CURVE('',#460,#469,#473,.T.);
#475=ORIENTED_EDGE('',*,*,#474,.T.);
#476=CARTESIAN_POINT('',(106.,76.541960108,3.));
#477=VERTEX_POINT('',#476);
#478=CARTESIAN_POINT('',(105.,76.541960108,3.));
#479=DIRECTION('',(-0.,0.,-1.));
#480=DIRECTION('',(-1.,0.,0.));
#481=AXIS2_PLACEMENT_3D('',#478,#479,#480);
#482=CIRCLE('',#481,1.);
#483=EDGE_CURVE('',#469,#477,#482,.T.);
#484=ORIENTED_EDGE('',*,*,#483,.T.);
#485=CARTESIAN_POINT('',(106.,89.041960108,3.));
#486=VERTEX_POINT('',#485);
#487=CARTESIAN_POINT('',(106.,76.541960108,3.));
#488=DIRECTION('',(0.,1.,0.));
#489=VECTOR('',#488,12.5);
#490=LINE('',#487,#489);
#491=EDGE_CURVE('',#477,#486,#490,.T.);
#492=ORIENTED_EDGE('',*,*,#491,.T.);
#493=CARTESIAN_POINT('',(105.,88.041960108,3.));
#494=VERTEX_POINT('',#493);
#495=CARTESIAN_POINT('',(105.,89.041960108,3.));
#496=DIRECTION('',(-0.,0.,-1.));
#497=DIRECTION('',(-1.,0.,0.));
#498=AXIS2_PLACEMENT_3D('',#495,#496,#497);
#499=CIRCLE('',#498,1.);
#500=EDGE_CURVE('',#486,#494,#499,.T.);
#501=ORIENTED_EDGE('',*,*,#500,.T.);
#502=CARTESIAN_POINT('',(104.5,88.041960108,3.));
#503=VERTEX_POINT('',#502);
#504=CARTESIAN_POINT('',(105.,88.041960108,3.));
#505=DIRECTION('',(-1.,-0.,0.));
#506=VECTOR('',#505,0.5);
#507=LINE('',#504,#506);
#508=EDGE_CURVE('',#494,#503,#507,.T.);
#509=ORIENTED_EDGE('',*,*,#508,.T.);
#510=CARTESIAN_POINT('',(103.5,89.041960108,3.));
#511=VERTEX_POINT('',#510);
#512=CARTESIAN_POINT('',(104.5,89.041960108,3.));
#513=DIRECTION('',(-0.,0.,-1.));
#514=DIRECTION('',(-1.,0.,0.));
#515=AXIS2_PLACEMENT_3D('',#512,#513,#514);
#516=CIRCLE('',#515,1.);
#517=EDGE_CURVE('',#503,#511,#516,.T.);
#518=ORIENTED_EDGE('',*,*,#517,.T.);
#519=CARTESIAN_POINT('',(103.5,107.426341141,3.));
#520=DIRECTION('',(0.,-1.,0.));
#521=VECTOR('',#520,18.384381032);
#522=LINE('',#519,#521);
#523=EDGE_CURVE('',#194,#511,#522,.T.);
#524=ORIENTED_EDGE('',*,*,#523,.F.);
#525=EDGE_LOOP('',(#200,#208,#216,#224,#232,#240,#248,#256,#264,#272,#280,#289,#297,#306,#314,#322,#330,#338,#346,#354,#362,#370,#378,#386,#394,#402,
#410,#418,#426,#434,#442,#450,#458,#467,#475,#484,#492,#501,#509,#518,#524));
#526=FACE_BOUND('',#525,.T.);
#527=ADVANCED_FACE('',(#179,#190,#526),#159,.F.);
#528=CARTESIAN_POINT('',(3.,3.,5.));
#529=DIRECTION('',(-0.,0.,-1.));
#530=DIRECTION('',(1.,0.,-0.));
#531=AXIS2_PLACEMENT_3D('',#528,#529,#530);
#532=PLANE('',#531);
#533=CARTESIAN_POINT('',(80.25604839,117.,5.));
#534=VERTEX_POINT('',#533);
#535=CARTESIAN_POINT('',(103.5,117.,5.));
#536=VERTEX_POINT('',#535);
#537=CARTESIAN_POINT('',(80.25604839,117.,5.));
#538=DIRECTION('',(1.,0.,-0.));
#539=VECTOR('',#538,23.24395161);
#540=LINE('',#537,#539);
#541=EDGE_CURVE('',#534,#536,#540,.T.);
#542=ORIENTED_EDGE('',*,*,#541,.F.);
#543=CARTESIAN_POINT('',(41.604219,98.976355954,5.));
#544=VERTEX_POINT('',#543);
#545=CARTESIAN_POINT('',(80.25604839,117.,5.));
#546=DIRECTION('',(-0.906307787,-0.422618262,0.));
#547=VECTOR('',#546,42.647575077);
#548=LINE('',#545,#547);
#549=EDGE_CURVE('',#534,#544,#548,.T.);
#550=ORIENTED_EDGE('',*,*,#549,.T.);
#551=CARTESIAN_POINT('',(48.577420318,84.022277467,5.));
#552=VERTEX_POINT('',#551);
#553=CARTESIAN_POINT('',(41.604219,98.976355954,5.));
#554=DIRECTION('',(0.422618262,-0.906307787,-0.));
#555=VECTOR('',#554,16.5);
#556=LINE('',#553,#555);
#557=EDGE_CURVE('',#544,#552,#556,.T.);
#558=ORIENTED_EDGE('',*,*,#557,.T.);
#559=CARTESIAN_POINT('',(103.5,109.633096979,5.));
#560=VERTEX_POINT('',#559);
#561=CARTESIAN_POINT('',(48.577420318,84.022277467,5.));
#562=DIRECTION('',(0.906307787,0.422618262,-0.));
#563=VECTOR('',#562,60.600361673);
#564=LINE('',#561,#563);
#565=EDGE_CURVE('',#552,#560,#564,.T.);
#566=ORIENTED_EDGE('',*,*,#565,.T.);
#567=CARTESIAN_POINT('',(103.5,117.,5.));
#568=DIRECTION('',(0.,-1.,0.));
#569=VECTOR('',#568,7.366903021);
#570=LINE('',#567,#569);
#571=EDGE_CURVE('',#536,#560,#570,.T.);
#572=ORIENTED_EDGE('',*,*,#571,.F.);
#573=EDGE_LOOP('',(#542,#550,#558,#566,#572));
#574=FACE_BOUND('',#573,.T.);
#575=ADVANCED_FACE('',(#574),#532,.F.);
#576=CARTESIAN_POINT('',(57.,117.,3.));
#577=DIRECTION('',(0.,-1.,0.));
#578=DIRECTION('',(0.,0.,-1.));
#579=AXIS2_PLACEMENT_3D('',#576,#577,#578);
#580=PLANE('',#579);
#581=ORIENTED_EDGE('',*,*,#223,.T.);
#582=CARTESIAN_POINT('',(75.523645224,117.,3.));
#583=DIRECTION('',(0.921118787,-0.,0.389281621));
#584=VECTOR('',#583,5.137668706);
#585=LINE('',#582,#584);
#586=EDGE_CURVE('',#210,#534,#585,.T.);
#587=ORIENTED_EDGE('',*,*,#586,.T.);
#588=ORIENTED_EDGE('',*,*,#541,.T.);
#589=CARTESIAN_POINT('',(103.5,117.,7.));
#590=VERTEX_POINT('',#589);
#591=CARTESIAN_POINT('',(103.5,117.,5.));
#592=DIRECTION('',(0.,0.,1.));
#593=VECTOR('',#592,2.);
#594=LINE('',#591,#593);
#595=EDGE_CURVE('',#536,#590,#594,.T.);
#596=ORIENTED_EDGE('',*,*,#595,.T.);
#597=CARTESIAN_POINT('',(42.,117.,7.));
#598=VERTEX_POINT('',#597);
#599=CARTESIAN_POINT('',(42.,117.,7.));
#600=DIRECTION('',(1.,0.,-0.));
#601=VECTOR('',#600,61.5);
#602=LINE('',#599,#601);
#603=EDGE_CURVE('',#598,#590,#602,.T.);
#604=ORIENTED_EDGE('',*,*,#603,.F.);
#605=CARTESIAN_POINT('',(42.,117.,3.));
#606=DIRECTION('',(0.,0.,1.));
#607=VECTOR('',#606,4.);
#608=LINE('',#605,#607);
#609=EDGE_CURVE('',#218,#598,#608,.T.);
#610=ORIENTED_EDGE('',*,*,#609,.F.);
#611=EDGE_LOOP('',(#581,#587,#588,#596,#604,#610));
#612=FACE_BOUND('',#611,.T.);
#613=ADVANCED_FACE('',(#612),#580,.T.);
#614=CARTESIAN_POINT('',(103.5,94.770980054,3.));
#615=DIRECTION('',(-1.,0.,0.));
#616=DIRECTION('',(0.,0.,1.));
#617=AXIS2_PLACEMENT_3D('',#614,#615,#616);
#618=PLANE('',#617);
#619=ORIENTED_EDGE('',*,*,#571,.T.);
#620=CARTESIAN_POINT('',(103.5,109.633096979,5.));
#621=DIRECTION('',(-0.,-0.740965645,-0.671542934));
#622=VECTOR('',#621,2.978216132);
#623=LINE('',#620,#622);
#624=EDGE_CURVE('',#560,#194,#623,.T.);
#625=ORIENTED_EDGE('',*,*,#624,.T.);
#626=ORIENTED_EDGE('',*,*,#523,.T.);
#627=CARTESIAN_POINT('',(103.5,89.041960108,7.));
#628=VERTEX_POINT('',#627);
#629=CARTESIAN_POINT('',(103.5,89.041960108,3.));
#630=DIRECTION('',(0.,0.,1.));
#631=VECTOR('',#630,4.);
#632=LINE('',#629,#631);
#633=EDGE_CURVE('',#511,#628,#632,.T.);
#634=ORIENTED_EDGE('',*,*,#633,.T.);
#635=CARTESIAN_POINT('',(103.5,117.,7.));
#636=DIRECTION('',(0.,-1.,0.));
#637=VECTOR('',#636,27.958039892);
#638=LINE('',#635,#637);
#639=EDGE_CURVE('',#590,#628,#638,.T.);
#640=ORIENTED_EDGE('',*,*,#639,.F.);
#641=ORIENTED_EDGE('',*,*,#595,.F.);
#642=EDGE_LOOP('',(#619,#625,#626,#634,#640,#641));
#643=FACE_BOUND('',#642,.T.);
#644=ADVANCED_FACE('',(#643),#618,.T.);
#645=CARTESIAN_POINT('',(0.,0.,7.));
#646=DIRECTION('',(0.,0.,1.));
#647=DIRECTION('',(1.,0.,0.));
#648=AXIS2_PLACEMENT_3D('',#645,#646,#647);
#649=PLANE('',#648);
#650=CARTESIAN_POINT('',(92.5,81.,7.));
#651=VERTEX_POINT('',#650);
#652=CARTESIAN_POINT('',(92.5,63.5,7.));
#653=VERTEX_POINT('',#652);
#654=CARTESIAN_POINT('',(92.5,81.,7.));
#655=DIRECTION('',(-0.,-1.,0.));
#656=VECTOR('',#655,17.5);
#657=LINE('',#654,#656);
#658=EDGE_CURVE('',#651,#653,#657,.T.);
#659=ORIENTED_EDGE('',*,*,#658,.F.);
#660=CARTESIAN_POINT('',(91.5,82.,7.));
#661=VERTEX_POINT('',#660);
#662=CARTESIAN_POINT('',(91.5,81.,7.));
#663=DIRECTION('',(0.,0.,1.));
#664=DIRECTION('',(1.,0.,-0.));
#665=AXIS2_PLACEMENT_3D('',#662,#663,#664);
#666=CIRCLE('',#665,1.);
#667=EDGE_CURVE('',#651,#661,#666,.T.);
#668=ORIENTED_EDGE('',*,*,#667,.T.);
#669=CARTESIAN_POINT('',(90.,82.,7.));
#670=VERTEX_POINT('',#669);
#671=CARTESIAN_POINT('',(90.,82.,7.));
#672=DIRECTION('',(1.,0.,-0.));
#673=VECTOR('',#672,1.5);
#674=LINE('',#671,#673);
#675=EDGE_CURVE('',#670,#661,#674,.T.);
#676=ORIENTED_EDGE('',*,*,#675,.F.);
#677=CARTESIAN_POINT('',(89.,81.,7.));
#678=VERTEX_POINT('',#677);
#679=CARTESIAN_POINT('',(90.,81.,7.));
#680=DIRECTION('',(0.,0.,1.));
#681=DIRECTION('',(1.,0.,-0.));
#682=AXIS2_PLACEMENT_3D('',#679,#680,#681);
#683=CIRCLE('',#682,1.);
#684=EDGE_CURVE('',#670,#678,#683,.T.);
#685=ORIENTED_EDGE('',*,*,#684,.T.);
#686=CARTESIAN_POINT('',(89.,67.,7.));
#687=VERTEX_POINT('',#686);
#688=CARTESIAN_POINT('',(89.,81.,7.));
#689=DIRECTION('',(0.,-1.,0.));
#690=VECTOR('',#689,14.);
#691=LINE('',#688,#690);
#692=EDGE_CURVE('',#678,#687,#691,.T.);
#693=ORIENTED_EDGE('',*,*,#692,.T.);
#694=CARTESIAN_POINT('',(17.,67.,7.));
#695=VERTEX_POINT('',#694);
#696=CARTESIAN_POINT('',(89.,67.,7.));
#697=DIRECTION('',(-1.,0.,0.));
#698=VECTOR('',#697,72.);
#699=LINE('',#696,#698);
#700=EDGE_CURVE('',#687,#695,#699,.T.);
#701=ORIENTED_EDGE('',*,*,#700,.T.);
#702=CARTESIAN_POINT('',(17.,122.,7.));
#703=VERTEX_POINT('',#702);
#704=CARTESIAN_POINT('',(17.,122.,7.));
#705=DIRECTION('',(0.,-1.,0.));
#706=VECTOR('',#705,55.);
#707=LINE('',#704,#706);
#708=EDGE_CURVE('',#703,#695,#707,.T.);
#709=ORIENTED_EDGE('',*,*,#708,.F.);
#710=CARTESIAN_POINT('',(23.,122.,7.));
#711=VERTEX_POINT('',#710);
#712=CARTESIAN_POINT('',(23.,122.,7.));
#713=DIRECTION('',(-1.,0.,0.));
#714=VECTOR('',#713,6.);
#715=LINE('',#712,#714);
#716=EDGE_CURVE('',#711,#703,#715,.T.);
#717=ORIENTED_EDGE('',*,*,#716,.F.);
#718=CARTESIAN_POINT('',(23.,124.,7.));
#719=DIRECTION('',(0.,-1.,0.));
#720=VECTOR('',#719,2.);
#721=LINE('',#718,#720);
#722=EDGE_CURVE('',#91,#711,#721,.T.);
#723=ORIENTED_EDGE('',*,*,#722,.F.);
#724=ORIENTED_EDGE('',*,*,#96,.F.);
#725=CARTESIAN_POINT('',(-0.,122.,7.));
#726=VERTEX_POINT('',#725);
#727=CARTESIAN_POINT('',(2.,122.,7.));
#728=DIRECTION('',(0.,-0.,1.));
#729=DIRECTION('',(-1.,0.,0.));
#730=AXIS2_PLACEMENT_3D('',#727,#728,#729);
#731=CIRCLE('',#730,2.);
#732=EDGE_CURVE('',#83,#726,#731,.T.);
#733=ORIENTED_EDGE('',*,*,#732,.T.);
#734=CARTESIAN_POINT('',(-0.,2.,7.));
#735=VERTEX_POINT('',#734);
#736=CARTESIAN_POINT('',(-0.,122.,7.));
#737=DIRECTION('',(0.,-1.,0.));
#738=VECTOR('',#737,120.);
#739=LINE('',#736,#738);
#740=EDGE_CURVE('',#726,#735,#739,.T.);
#741=ORIENTED_EDGE('',*,*,#740,.T.);
#742=CARTESIAN_POINT('',(2.,-0.,7.));
#743=VERTEX_POINT('',#742);
#744=CARTESIAN_POINT('',(2.,2.,7.));
#745=DIRECTION('',(0.,-0.,1.));
#746=DIRECTION('',(-1.,0.,0.));
#747=AXIS2_PLACEMENT_3D('',#744,#745,#746);
#748=CIRCLE('',#747,2.);
#749=EDGE_CURVE('',#735,#743,#748,.T.);
#750=ORIENTED_EDGE('',*,*,#749,.T.);
#751=CARTESIAN_POINT('',(104.,-0.,7.));
#752=VERTEX_POINT('',#751);
#753=CARTESIAN_POINT('',(2.,-0.,7.));
#754=DIRECTION('',(1.,0.,-0.));
#755=VECTOR('',#754,102.);
#756=LINE('',#753,#755);
#757=EDGE_CURVE('',#743,#752,#756,.T.);
#758=ORIENTED_EDGE('',*,*,#757,.T.);
#759=CARTESIAN_POINT('',(106.,2.,7.));
#760=VERTEX_POINT('',#759);
#761=CARTESIAN_POINT('',(104.,2.,7.));
#762=DIRECTION('',(0.,-0.,1.));
#763=DIRECTION('',(-1.,0.,0.));
#764=AXIS2_PLACEMENT_3D('',#761,#762,#763);
#765=CIRCLE('',#764,2.);
#766=EDGE_CURVE('',#752,#760,#765,.T.);
#767=ORIENTED_EDGE('',*,*,#766,.T.);
#768=CARTESIAN_POINT('',(106.,76.541960108,7.));
#769=VERTEX_POINT('',#768);
#770=CARTESIAN_POINT('',(106.,2.,7.));
#771=DIRECTION('',(0.,1.,0.));
#772=VECTOR('',#771,74.541960108);
#773=LINE('',#770,#772);
#774=EDGE_CURVE('',#760,#769,#773,.T.);
#775=ORIENTED_EDGE('',*,*,#774,.T.);
#776=CARTESIAN_POINT('',(105.,77.541960108,7.));
#777=VERTEX_POINT('',#776);
#778=CARTESIAN_POINT('',(105.,76.541960108,7.));
#779=DIRECTION('',(0.,0.,1.));
#780=DIRECTION('',(1.,0.,-0.));
#781=AXIS2_PLACEMENT_3D('',#778,#779,#780);
#782=CIRCLE('',#781,1.);
#783=EDGE_CURVE('',#769,#777,#782,.T.);
#784=ORIENTED_EDGE('',*,*,#783,.T.);
#785=CARTESIAN_POINT('',(104.5,77.541960108,7.));
#786=VERTEX_POINT('',#785);
#787=CARTESIAN_POINT('',(104.5,77.541960108,7.));
#788=DIRECTION('',(1.,0.,0.));
#789=VECTOR('',#788,0.5);
#790=LINE('',#787,#789);
#791=EDGE_CURVE('',#786,#777,#790,.T.);
#792=ORIENTED_EDGE('',*,*,#791,.F.);
#793=CARTESIAN_POINT('',(103.5,76.541960108,7.));
#794=VERTEX_POINT('',#793);
#795=CARTESIAN_POINT('',(104.5,76.541960108,7.));
#796=DIRECTION('',(0.,0.,1.));
#797=DIRECTION('',(1.,0.,-0.));
#798=AXIS2_PLACEMENT_3D('',#795,#796,#797);
#799=CIRCLE('',#798,1.);
#800=EDGE_CURVE('',#786,#794,#799,.T.);
#801=ORIENTED_EDGE('',*,*,#800,.T.);
#802=CARTESIAN_POINT('',(103.5,2.5,7.));
#803=VERTEX_POINT('',#802);
#804=CARTESIAN_POINT('',(103.5,2.5,7.));
#805=DIRECTION('',(0.,1.,0.));
#806=VECTOR('',#805,74.041960108);
#807=LINE('',#804,#806);
#808=EDGE_CURVE('',#803,#794,#807,.T.);
#809=ORIENTED_EDGE('',*,*,#808,.F.);
#810=CARTESIAN_POINT('',(2.5,2.5,7.));
#811=VERTEX_POINT('',#810);
#812=CARTESIAN_POINT('',(2.5,2.5,7.));
#813=DIRECTION('',(1.,0.,-0.));
#814=VECTOR('',#813,101.);
#815=LINE('',#812,#814);
#816=EDGE_CURVE('',#811,#803,#815,.T.);
#817=ORIENTED_EDGE('',*,*,#816,.F.);
#818=CARTESIAN_POINT('',(2.5,103.5,7.));
#819=VERTEX_POINT('',#818);
#820=CARTESIAN_POINT('',(2.5,103.5,7.));
#821=DIRECTION('',(0.,-1.,0.));
#822=VECTOR('',#821,101.);
#823=LINE('',#820,#822);
#824=EDGE_CURVE('',#819,#811,#823,.T.);
#825=ORIENTED_EDGE('',*,*,#824,.F.);
#826=CARTESIAN_POINT('',(13.5,103.5,7.));
#827=VERTEX_POINT('',#826);
#828=CARTESIAN_POINT('',(13.5,103.5,7.));
#829=DIRECTION('',(-1.,0.,0.));
#830=VECTOR('',#829,11.);
#831=LINE('',#828,#830);
#832=EDGE_CURVE('',#827,#819,#831,.T.);
#833=ORIENTED_EDGE('',*,*,#832,.F.);
#834=CARTESIAN_POINT('',(13.5,63.5,7.));
#835=VERTEX_POINT('',#834);
#836=CARTESIAN_POINT('',(13.5,63.5,7.));
#837=DIRECTION('',(0.,1.,0.));
#838=VECTOR('',#837,40.);
#839=LINE('',#836,#838);
#840=EDGE_CURVE('',#835,#827,#839,.T.);
#841=ORIENTED_EDGE('',*,*,#840,.F.);
#842=CARTESIAN_POINT('',(92.5,63.5,7.));
#843=DIRECTION('',(-1.,0.,0.));
#844=VECTOR('',#843,79.);
#845=LINE('',#842,#844);
#846=EDGE_CURVE('',#653,#835,#845,.T.);
#847=ORIENTED_EDGE('',*,*,#846,.F.);
#848=EDGE_LOOP('',(#659,#668,#676,#685,#693,#701,#709,#717,#723,#724,#733,#741,#750,#758,#767,#775,#784,#792,#801,#809,#817,#825,#833,#841,#847));
#849=FACE_BOUND('',#848,.T.);
#850=ADVANCED_FACE('',(#849),#649,.T.);
#851=CARTESIAN_POINT('',(27.5,91.,2.));
#852=DIRECTION('',(0.,-1.,0.));
#853=DIRECTION('',(0.,0.,-1.));
#854=AXIS2_PLACEMENT_3D('',#851,#852,#853);
#855=PLANE('',#854);
#856=ORIENTED_EDGE('',*,*,#255,.F.);
#857=CARTESIAN_POINT('',(38.,91.,1.));
#858=VERTEX_POINT('',#857);
#859=CARTESIAN_POINT('',(38.,91.,1.));
#860=DIRECTION('',(0.,0.,1.));
#861=VECTOR('',#860,2.);
#862=LINE('',#859,#861);
#863=EDGE_CURVE('',#858,#242,#862,.T.);
#864=ORIENTED_EDGE('',*,*,#863,.F.);
#865=CARTESIAN_POINT('',(17.,91.,1.));
#866=VERTEX_POINT('',#865);
#867=CARTESIAN_POINT('',(17.,91.,1.));
#868=DIRECTION('',(1.,0.,-0.));
#869=VECTOR('',#868,21.);
#870=LINE('',#867,#869);
#871=EDGE_CURVE('',#866,#858,#870,.T.);
#872=ORIENTED_EDGE('',*,*,#871,.F.);
#873=CARTESIAN_POINT('',(17.,91.,1.));
#874=DIRECTION('',(0.,0.,1.));
#875=VECTOR('',#874,2.);
#876=LINE('',#873,#875);
#877=EDGE_CURVE('',#866,#250,#876,.T.);
#878=ORIENTED_EDGE('',*,*,#877,.T.);
#879=EDGE_LOOP('',(#856,#864,#872,#878));
#880=FACE_BOUND('',#879,.T.);
#881=ADVANCED_FACE('',(#880),#855,.F.);
#882=CARTESIAN_POINT('',(3.,3.,-0.));
#883=DIRECTION('',(-0.,0.,-1.));
#884=DIRECTION('',(1.,0.,-0.));
#885=AXIS2_PLACEMENT_3D('',#882,#883,#884);
#886=PLANE('',#885);
#887=CARTESIAN_POINT('',(99.,58.,-0.));
#888=VERTEX_POINT('',#887);
#889=CARTESIAN_POINT('',(98.,58.,-0.));
#890=DIRECTION('',(0.,0.,1.));
#891=DIRECTION('',(1.,0.,-0.));
#892=AXIS2_PLACEMENT_3D('',#889,#890,#891);
#893=CIRCLE('',#892,1.);
#894=EDGE_CURVE('',#888,#888,#893,.T.);
#895=ORIENTED_EDGE('',*,*,#894,.T.);
#896=EDGE_LOOP('',(#895));
#897=FACE_BOUND('',#896,.T.);
#898=CARTESIAN_POINT('',(9.,56.,-0.));
#899=VERTEX_POINT('',#898);
#900=CARTESIAN_POINT('',(7.,56.,-0.));
#901=VERTEX_POINT('',#900);
#902=CARTESIAN_POINT('',(8.,56.,-0.));
#903=DIRECTION('',(0.,0.,1.));
#904=DIRECTION('',(1.,0.,-0.));
#905=AXIS2_PLACEMENT_3D('',#902,#903,#904);
#906=CIRCLE('',#905,1.);
#907=EDGE_CURVE('',#899,#901,#906,.T.);
#908=ORIENTED_EDGE('',*,*,#907,.T.);
#909=CARTESIAN_POINT('',(8.,56.,-0.));
#910=DIRECTION('',(0.,0.,1.));
#911=DIRECTION('',(1.,0.,-0.));
#912=AXIS2_PLACEMENT_3D('',#909,#910,#911);
#913=CIRCLE('',#912,1.);
#914=EDGE_CURVE('',#901,#899,#913,.T.);
#915=ORIENTED_EDGE('',*,*,#914,.T.);
#916=EDGE_LOOP('',(#908,#915));
#917=FACE_BOUND('',#916,.T.);
#918=ORIENTED_EDGE('',*,*,#80,.T.);
#919=CARTESIAN_POINT('',(98.20560213,123.163258532,0.));
#920=VERTEX_POINT('',#919);
#921=CARTESIAN_POINT('',(97.815423176,124.,-0.));
#922=DIRECTION('',(0.422618262,-0.906307787,-0.));
#923=VECTOR('',#922,0.92324206);
#924=LINE('',#921,#923);
#925=EDGE_CURVE('',#67,#920,#924,.T.);
#926=ORIENTED_EDGE('',*,*,#925,.T.);
#927=CARTESIAN_POINT('',(44.262071097,98.008976903,0.));
#928=VERTEX_POINT('',#927);
#929=CARTESIAN_POINT('',(98.20560213,123.163258532,0.));
#930=DIRECTION('',(-0.906307787,-0.422618262,0.));
#931=VECTOR('',#930,59.520101013);
#932=LINE('',#929,#931);
#933=EDGE_CURVE('',#920,#928,#932,.T.);
#934=ORIENTED_EDGE('',*,*,#933,.T.);
#935=CARTESIAN_POINT('',(49.544799369,86.680129565,-0.));
#936=VERTEX_POINT('',#935);
#937=CARTESIAN_POINT('',(49.544799369,86.680129565,0.));
#938=DIRECTION('',(-0.422618262,0.906307787,0.));
#939=VECTOR('',#938,12.5);
#940=LINE('',#937,#939);
#941=EDGE_CURVE('',#936,#928,#940,.T.);
#942=ORIENTED_EDGE('',*,*,#941,.F.);
#943=CARTESIAN_POINT('',(103.488330402,111.834411194,0.));
#944=VERTEX_POINT('',#943);
#945=CARTESIAN_POINT('',(103.488330402,111.834411194,0.));
#946=DIRECTION('',(-0.906307787,-0.422618262,0.));
#947=VECTOR('',#946,59.520101013);
#948=LINE('',#945,#947);
#949=EDGE_CURVE('',#944,#936,#948,.T.);
#950=ORIENTED_EDGE('',*,*,#949,.F.);
#951=CARTESIAN_POINT('',(106.,106.448118359,-0.));
#952=VERTEX_POINT('',#951);
#953=CARTESIAN_POINT('',(103.488330402,111.834411194,-0.));
#954=DIRECTION('',(0.422618262,-0.906307787,-0.));
#955=VECTOR('',#954,5.943116579);
#956=LINE('',#953,#955);
#957=EDGE_CURVE('',#944,#952,#956,.T.);
#958=ORIENTED_EDGE('',*,*,#957,.T.);
#959=CARTESIAN_POINT('',(106.,2.,-0.));
#960=VERTEX_POINT('',#959);
#961=CARTESIAN_POINT('',(106.,2.,-0.));
#962=DIRECTION('',(0.,1.,0.));
#963=VECTOR('',#962,104.448118359);
#964=LINE('',#961,#963);
#965=EDGE_CURVE('',#960,#952,#964,.T.);
#966=ORIENTED_EDGE('',*,*,#965,.F.);
#967=CARTESIAN_POINT('',(104.,-0.,-0.));
#968=VERTEX_POINT('',#967);
#969=CARTESIAN_POINT('',(104.,2.,-0.));
#970=DIRECTION('',(-0.,0.,-1.));
#971=DIRECTION('',(-1.,0.,0.));
#972=AXIS2_PLACEMENT_3D('',#969,#970,#971);
#973=CIRCLE('',#972,2.);
#974=EDGE_CURVE('',#960,#968,#973,.T.);
#975=ORIENTED_EDGE('',*,*,#974,.T.);
#976=CARTESIAN_POINT('',(2.,-0.,-0.));
#977=VERTEX_POINT('',#976);
#978=CARTESIAN_POINT('',(2.,-0.,-0.));
#979=DIRECTION('',(1.,0.,-0.));
#980=VECTOR('',#979,102.);
#981=LINE('',#978,#980);
#982=EDGE_CURVE('',#977,#968,#981,.T.);
#983=ORIENTED_EDGE('',*,*,#982,.F.);
#984=CARTESIAN_POINT('',(-0.,2.,-0.));
#985=VERTEX_POINT('',#984);
#986=CARTESIAN_POINT('',(2.,2.,-0.));
#987=DIRECTION('',(-0.,0.,-1.));
#988=DIRECTION('',(-1.,0.,0.));
#989=AXIS2_PLACEMENT_3D('',#986,#987,#988);
#990=CIRCLE('',#989,2.);
#991=EDGE_CURVE('',#977,#985,#990,.T.);
#992=ORIENTED_EDGE('',*,*,#991,.T.);
#993=CARTESIAN_POINT('',(-0.,122.,-0.));
#994=VERTEX_POINT('',#993);
#995=CARTESIAN_POINT('',(-0.,122.,-0.));
#996=DIRECTION('',(0.,-1.,0.));
#997=VECTOR('',#996,120.);
#998=LINE('',#995,#997);
#999=EDGE_CURVE('',#994,#985,#998,.T.);
#1000=ORIENTED_EDGE('',*,*,#999,.F.);
#1001=CARTESIAN_POINT('',(2.,122.,-0.));
#1002=DIRECTION('',(-0.,0.,-1.));
#1003=DIRECTION('',(-1.,0.,0.));
#1004=AXIS2_PLACEMENT_3D('',#1001,#1002,#1003);
#1005=CIRCLE('',#1004,2.);
#1006=EDGE_CURVE('',#994,#75,#1005,.T.);
#1007=ORIENTED_EDGE('',*,*,#1006,.T.);
#1008=EDGE_LOOP('',(#918,#926,#934,#942,#950,#958,#966,#975,#983,#992,#1000,#1007));
#1009=FACE_BOUND('',#1008,.T.);
#1010=ADVANCED_FACE('',(#897,#917,#1009),#886,.T.);
#1011=CARTESIAN_POINT('',(35.,124.,2.));
#1012=DIRECTION('',(0.,1.,0.));
#1013=DIRECTION('',(0.,0.,1.));
#1014=AXIS2_PLACEMENT_3D('',#1011,#1012,#1013);
#1015=PLANE('',#1014);
#1016=CARTESIAN_POINT('',(100.015696856,124.,2.));
#1017=VERTEX_POINT('',#1016);
#1018=CARTESIAN_POINT('',(100.022179014,124.,2.));
#1019=DIRECTION('',(-1.,0.,0.));
#1020=VECTOR('',#1019,0.006482158);
#1021=LINE('',#1018,#1020);
#1022=EDGE_CURVE('',#139,#1017,#1021,.T.);
#1023=ORIENTED_EDGE('',*,*,#1022,.F.);
#1024=CARTESIAN_POINT('',(100.015696856,124.,1.99412517));
#1025=VERTEX_POINT('',#1024);
#1026=CARTESIAN_POINT('',(100.022179014,124.,2.));
#1027=DIRECTION('',(-0.740965645,0.,-0.671542934));
#1028=VECTOR('',#1027,0.008748257);
#1029=LINE('',#1026,#1028);
#1030=EDGE_CURVE('',#139,#1025,#1029,.T.);
#1031=ORIENTED_EDGE('',*,*,#1030,.T.);
#1032=CARTESIAN_POINT('',(100.015696856,124.,1.99412517));
#1033=DIRECTION('',(0.,0.,1.));
#1034=VECTOR('',#1033,0.00587483);
#1035=LINE('',#1032,#1034);
#1036=EDGE_CURVE('',#1025,#1017,#1035,.T.);
#1037=ORIENTED_EDGE('',*,*,#1036,.T.);
#1038=EDGE_LOOP('',(#1023,#1031,#1037));
#1039=FACE_BOUND('',#1038,.T.);
#1040=ADVANCED_FACE('',(#1039),#1015,.T.);
#1041=CARTESIAN_POINT('',(104.,122.,5.));
#1042=DIRECTION('',(-0.,0.,-1.));
#1043=DIRECTION('',(-1.,0.,0.));
#1044=AXIS2_PLACEMENT_3D('',#1041,#1042,#1043);
#1045=CYLINDRICAL_SURFACE('',#1044,2.);
#1046=CARTESIAN_POINT('',(106.,122.,6.572509186));
#1047=VERTEX_POINT('',#1046);
#1048=CARTESIAN_POINT('',(106.,122.,7.));
#1049=VERTEX_POINT('',#1048);
#1050=CARTESIAN_POINT('',(106.,122.,6.572509186));
#1051=DIRECTION('',(0.,-0.,1.));
#1052=VECTOR('',#1051,0.427490814);
#1053=LINE('',#1050,#1052);
#1054=EDGE_CURVE('',#1047,#1049,#1053,.T.);
#1055=ORIENTED_EDGE('',*,*,#1054,.F.);
#1056=CARTESIAN_POINT('',(104.,122.,4.759893612));
#1057=DIRECTION('',(-0.640856382,-0.298836239,0.707106781));
#1058=DIRECTION('',(-0.640856382,-0.298836239,-0.707106781));
#1059=AXIS2_PLACEMENT_3D('',#1056,#1057,#1058);
#1060=ELLIPSE('',#1059,2.828427125,2.);
#1061=EDGE_CURVE('',#1047,#131,#1060,.T.);
#1062=ORIENTED_EDGE('',*,*,#1061,.T.);
#1063=ORIENTED_EDGE('',*,*,#136,.F.);
#1064=CARTESIAN_POINT('',(104.,122.,7.));
#1065=DIRECTION('',(0.,-0.,1.));
#1066=DIRECTION('',(-1.,0.,0.));
#1067=AXIS2_PLACEMENT_3D('',#1064,#1065,#1066);
#1068=CIRCLE('',#1067,2.);
#1069=EDGE_CURVE('',#1049,#123,#1068,.T.);
#1070=ORIENTED_EDGE('',*,*,#1069,.F.);
#1071=EDGE_LOOP('',(#1055,#1062,#1063,#1070));
#1072=FACE_BOUND('',#1071,.T.);
#1073=ADVANCED_FACE('',(#1072),#1045,.T.);
#1074=CARTESIAN_POINT('',(77.41376382,99.675641114,2.));
#1075=DIRECTION('',(0.422618262,-0.906307787,-0.));
#1076=DIRECTION('',(0.906307787,0.422618262,-0.));
#1077=AXIS2_PLACEMENT_3D('',#1074,#1075,#1076);
#1078=PLANE('',#1077);
#1079=CARTESIAN_POINT('',(105.282728272,112.671152662,1.979898987));
#1080=VERTEX_POINT('',#1079);
#1081=CARTESIAN_POINT('',(103.488330402,111.834411194,0.));
#1082=DIRECTION('',(0.640856382,0.298836239,0.707106781));
#1083=VECTOR('',#1082,2.8);
#1084=LINE('',#1081,#1083);
#1085=EDGE_CURVE('',#944,#1080,#1084,.T.);
#1086=ORIENTED_EDGE('',*,*,#1085,.F.);
#1087=ORIENTED_EDGE('',*,*,#949,.T.);
#1088=CARTESIAN_POINT('',(49.544799369,86.680129565,2.));
#1089=VERTEX_POINT('',#1088);
#1090=CARTESIAN_POINT('',(49.544799369,86.680129565,2.));
#1091=DIRECTION('',(-0.,0.,-1.));
#1092=VECTOR('',#1091,2.);
#1093=LINE('',#1090,#1092);
#1094=EDGE_CURVE('',#1089,#936,#1093,.T.);
#1095=ORIENTED_EDGE('',*,*,#1094,.F.);
#1096=CARTESIAN_POINT('',(105.282728272,112.671152662,2.));
#1097=VERTEX_POINT('',#1096);
#1098=CARTESIAN_POINT('',(105.282728272,112.671152662,2.));
#1099=DIRECTION('',(-0.906307787,-0.422618262,0.));
#1100=VECTOR('',#1099,61.5);
#1101=LINE('',#1098,#1100);
#1102=EDGE_CURVE('',#1097,#1089,#1101,.T.);
#1103=ORIENTED_EDGE('',*,*,#1102,.F.);
#1104=CARTESIAN_POINT('',(105.282728272,112.671152662,2.));
#1105=DIRECTION('',(-0.,0.,-1.));
#1106=VECTOR('',#1105,0.020101013);
#1107=LINE('',#1104,#1106);
#1108=EDGE_CURVE('',#1097,#1080,#1107,.T.);
#1109=ORIENTED_EDGE('',*,*,#1108,.T.);
#1110=EDGE_LOOP('',(#1086,#1087,#1095,#1103,#1109));
#1111=FACE_BOUND('',#1110,.T.);
#1112=ADVANCED_FACE('',(#1111),#1078,.F.);
#1113=CARTESIAN_POINT('',(72.131035549,111.004488451,2.));
#1114=DIRECTION('',(0.422618262,-0.906307787,-0.));
#1115=DIRECTION('',(0.906307787,0.422618262,-0.));
#1116=AXIS2_PLACEMENT_3D('',#1113,#1114,#1115);
#1117=PLANE('',#1116);
#1118=ORIENTED_EDGE('',*,*,#933,.F.);
#1119=CARTESIAN_POINT('',(99.959119098,123.980936922,1.934791902));
#1120=VERTEX_POINT('',#1119);
#1121=CARTESIAN_POINT('',(98.20560213,123.163258532,0.));
#1122=DIRECTION('',(0.640856382,0.298836239,0.707106781));
#1123=VECTOR('',#1122,2.736208949);
#1124=LINE('',#1121,#1123);
#1125=EDGE_CURVE('',#920,#1120,#1124,.T.);
#1126=ORIENTED_EDGE('',*,*,#1125,.T.);
#1127=CARTESIAN_POINT('',(99.959119098,123.980936922,2.));
#1128=VERTEX_POINT('',#1127);
#1129=CARTESIAN_POINT('',(99.959119098,123.980936922,1.934791902));
#1130=DIRECTION('',(0.,0.,1.));
#1131=VECTOR('',#1130,0.065208098);
#1132=LINE('',#1129,#1131);
#1133=EDGE_CURVE('',#1120,#1128,#1132,.T.);
#1134=ORIENTED_EDGE('',*,*,#1133,.T.);
#1135=CARTESIAN_POINT('',(44.262071097,98.008976903,2.));
#1136=VERTEX_POINT('',#1135);
#1137=CARTESIAN_POINT('',(99.959119098,123.980936922,2.));
#1138=DIRECTION('',(-0.906307787,-0.422618262,0.));
#1139=VECTOR('',#1138,61.454892915);
#1140=LINE('',#1137,#1139);
#1141=EDGE_CURVE('',#1128,#1136,#1140,.T.);
#1142=ORIENTED_EDGE('',*,*,#1141,.T.);
#1143=CARTESIAN_POINT('',(44.262071097,98.008976903,2.));
#1144=DIRECTION('',(-0.,0.,-1.));
#1145=VECTOR('',#1144,2.);
#1146=LINE('',#1143,#1145);
#1147=EDGE_CURVE('',#1136,#928,#1146,.T.);
#1148=ORIENTED_EDGE('',*,*,#1147,.T.);
#1149=EDGE_LOOP('',(#1118,#1126,#1134,#1142,#1148));
#1150=FACE_BOUND('',#1149,.T.);
#1151=ADVANCED_FACE('',(#1150),#1117,.T.);
#1152=CARTESIAN_POINT('',(101.320682068,121.167788166,2.));
#1153=DIRECTION('',(-0.906307787,-0.422618262,0.));
#1154=DIRECTION('',(0.422618262,-0.906307787,0.));
#1155=AXIS2_PLACEMENT_3D('',#1152,#1153,#1154);
#1156=PLANE('',#1155);
#1157=CARTESIAN_POINT('',(100.006633778,123.985773817,2.));
#1158=VERTEX_POINT('',#1157);
#1159=CARTESIAN_POINT('',(100.006633778,123.985773817,1.979898987));
#1160=VERTEX_POINT('',#1159);
#1161=CARTESIAN_POINT('',(100.006633778,123.985773817,2.));
#1162=DIRECTION('',(-0.,0.,-1.));
#1163=VECTOR('',#1162,0.020101013);
#1164=LINE('',#1161,#1163);
#1165=EDGE_CURVE('',#1158,#1160,#1164,.T.);
#1166=ORIENTED_EDGE('',*,*,#1165,.T.);
#1167=CARTESIAN_POINT('',(100.006633778,123.985773817,1.979898987));
#1168=DIRECTION('',(0.422618262,-0.906307787,0.));
#1169=VECTOR('',#1168,12.484303144);
#1170=LINE('',#1167,#1169);
#1171=EDGE_CURVE('',#1160,#1080,#1170,.T.);
#1172=ORIENTED_EDGE('',*,*,#1171,.T.);
#1173=ORIENTED_EDGE('',*,*,#1108,.F.);
#1174=CARTESIAN_POINT('',(105.282728272,112.671152662,2.));
#1175=DIRECTION('',(-0.422618262,0.906307787,0.));
#1176=VECTOR('',#1175,12.484303144);
#1177=LINE('',#1174,#1176);
#1178=EDGE_CURVE('',#1097,#1158,#1177,.T.);
#1179=ORIENTED_EDGE('',*,*,#1178,.T.);
#1180=EDGE_LOOP('',(#1166,#1172,#1173,#1179));
#1181=FACE_BOUND('',#1180,.T.);
#1182=ADVANCED_FACE('',(#1181),#1156,.T.);
#1183=CARTESIAN_POINT('',(100.015696856,123.99,2.));
#1184=DIRECTION('',(0.,0.,1.));
#1185=DIRECTION('',(1.,0.,-0.));
#1186=AXIS2_PLACEMENT_3D('',#1183,#1184,#1185);
#1187=CYLINDRICAL_SURFACE('',#1186,0.01);
#1188=ORIENTED_EDGE('',*,*,#1036,.F.);
#1189=CARTESIAN_POINT('',(100.015696856,123.99,1.989898987));
#1190=DIRECTION('',(-0.640856382,-0.298836239,0.707106781));
#1191=DIRECTION('',(0.640856382,0.298836239,0.707106781));
#1192=AXIS2_PLACEMENT_3D('',#1189,#1190,#1191);
#1193=ELLIPSE('',#1192,0.014142136,0.01);
#1194=EDGE_CURVE('',#1025,#1160,#1193,.T.);
#1195=ORIENTED_EDGE('',*,*,#1194,.T.);
#1196=ORIENTED_EDGE('',*,*,#1165,.F.);
#1197=CARTESIAN_POINT('',(100.015696856,123.99,2.));
#1198=DIRECTION('',(0.,-0.,1.));
#1199=DIRECTION('',(-1.,0.,0.));
#1200=AXIS2_PLACEMENT_3D('',#1197,#1198,#1199);
#1201=CIRCLE('',#1200,0.01);
#1202=EDGE_CURVE('',#1017,#1158,#1201,.T.);
#1203=ORIENTED_EDGE('',*,*,#1202,.F.);
#1204=EDGE_LOOP('',(#1188,#1195,#1196,#1203));
#1205=FACE_BOUND('',#1204,.T.);
#1206=ADVANCED_FACE('',(#1205),#1187,.T.);
#1207=CARTESIAN_POINT('',(99.954892915,123.99,2.));
#1208=DIRECTION('',(-0.,0.,-1.));
#1209=DIRECTION('',(-1.,0.,0.));
#1210=AXIS2_PLACEMENT_3D('',#1207,#1208,#1209);
#1211=CYLINDRICAL_SURFACE('',#1210,0.01);
#1212=ORIENTED_EDGE('',*,*,#1133,.F.);
#1213=CARTESIAN_POINT('',(99.954892915,123.99,1.934791902));
#1214=DIRECTION('',(-0.640856382,-0.298836239,0.707106781));
#1215=DIRECTION('',(-0.640856382,-0.298836239,-0.707106781));
#1216=AXIS2_PLACEMENT_3D('',#1213,#1214,#1215);
#1217=ELLIPSE('',#1216,0.014142136,0.01);
#1218=EDGE_CURVE('',#1120,#59,#1217,.T.);
#1219=ORIENTED_EDGE('',*,*,#1218,.T.);
#1220=ORIENTED_EDGE('',*,*,#64,.F.);
#1221=CARTESIAN_POINT('',(99.954892915,123.99,2.));
#1222=DIRECTION('',(0.,-0.,1.));
#1223=DIRECTION('',(-1.,0.,0.));
#1224=AXIS2_PLACEMENT_3D('',#1221,#1222,#1223);
#1225=CIRCLE('',#1224,0.01);
#1226=EDGE_CURVE('',#1128,#51,#1225,.T.);
#1227=ORIENTED_EDGE('',*,*,#1226,.F.);
#1228=EDGE_LOOP('',(#1212,#1219,#1220,#1227));
#1229=FACE_BOUND('',#1228,.T.);
#1230=ADVANCED_FACE('',(#1229),#1211,.T.);
#1231=CARTESIAN_POINT('',(92.5,83.5,1.));
#1232=DIRECTION('',(1.,-0.,-0.));
#1233=DIRECTION('',(0.,1.,-0.));
#1234=AXIS2_PLACEMENT_3D('',#1231,#1232,#1233);
#1235=PLANE('',#1234);
#1236=ORIENTED_EDGE('',*,*,#313,.F.);
#1237=CARTESIAN_POINT('',(92.5,81.,3.));
#1238=DIRECTION('',(0.,-0.,1.));
#1239=VECTOR('',#1238,4.);
#1240=LINE('',#1237,#1239);
#1241=EDGE_CURVE('',#299,#651,#1240,.T.);
#1242=ORIENTED_EDGE('',*,*,#1241,.T.);
#1243=ORIENTED_EDGE('',*,*,#658,.T.);
#1244=CARTESIAN_POINT('',(92.5,63.5,3.));
#1245=DIRECTION('',(0.,0.,1.));
#1246=VECTOR('',#1245,4.);
#1247=LINE('',#1244,#1246);
#1248=EDGE_CURVE('',#308,#653,#1247,.T.);
#1249=ORIENTED_EDGE('',*,*,#1248,.F.);
#1250=EDGE_LOOP('',(#1236,#1242,#1243,#1249));
#1251=FACE_BOUND('',#1250,.T.);
#1252=ADVANCED_FACE('',(#1251),#1235,.T.);
#1253=CARTESIAN_POINT('',(103.5,53.,1.));
#1254=DIRECTION('',(-1.,0.,0.));
#1255=DIRECTION('',(-0.,0.,-1.));
#1256=AXIS2_PLACEMENT_3D('',#1253,#1254,#1255);
#1257=PLANE('',#1256);
#1258=ORIENTED_EDGE('',*,*,#808,.T.);
#1259=CARTESIAN_POINT('',(103.5,76.541960108,7.));
#1260=DIRECTION('',(-0.,-0.,-1.));
#1261=VECTOR('',#1260,4.);
#1262=LINE('',#1259,#1261);
#1263=EDGE_CURVE('',#794,#452,#1262,.T.);
#1264=ORIENTED_EDGE('',*,*,#1263,.T.);
#1265=ORIENTED_EDGE('',*,*,#457,.F.);
#1266=CARTESIAN_POINT('',(103.5,11.,1.));
#1267=VERTEX_POINT('',#1266);
#1268=CARTESIAN_POINT('',(103.5,11.,1.));
#1269=DIRECTION('',(0.,0.,1.));
#1270=VECTOR('',#1269,2.);
#1271=LINE('',#1268,#1270);
#1272=EDGE_CURVE('',#1267,#444,#1271,.T.);
#1273=ORIENTED_EDGE('',*,*,#1272,.F.);
#1274=CARTESIAN_POINT('',(103.5,2.5,1.));
#1275=VERTEX_POINT('',#1274);
#1276=CARTESIAN_POINT('',(103.5,2.5,1.));
#1277=DIRECTION('',(0.,1.,0.));
#1278=VECTOR('',#1277,8.5);
#1279=LINE('',#1276,#1278);
#1280=EDGE_CURVE('',#1275,#1267,#1279,.T.);
#1281=ORIENTED_EDGE('',*,*,#1280,.F.);
#1282=CARTESIAN_POINT('',(103.5,2.5,1.));
#1283=DIRECTION('',(0.,0.,1.));
#1284=VECTOR('',#1283,6.);
#1285=LINE('',#1282,#1284);
#1286=EDGE_CURVE('',#1275,#803,#1285,.T.);
#1287=ORIENTED_EDGE('',*,*,#1286,.T.);
#1288=EDGE_LOOP('',(#1258,#1264,#1265,#1273,#1281,#1287));
#1289=FACE_BOUND('',#1288,.T.);
#1290=ADVANCED_FACE('',(#1289),#1257,.T.);
#1291=CARTESIAN_POINT('',(38.,107.5,2.));
#1292=DIRECTION('',(-1.,-0.,0.));
#1293=DIRECTION('',(0.,-1.,0.));
#1294=AXIS2_PLACEMENT_3D('',#1291,#1292,#1293);
#1295=PLANE('',#1294);
#1296=CARTESIAN_POINT('',(38.,122.,1.));
#1297=VERTEX_POINT('',#1296);
#1298=CARTESIAN_POINT('',(38.,122.,1.));
#1299=DIRECTION('',(0.,0.,1.));
#1300=VECTOR('',#1299,2.);
#1301=LINE('',#1298,#1300);
#1302=EDGE_CURVE('',#1297,#234,#1301,.T.);
#1303=ORIENTED_EDGE('',*,*,#1302,.F.);
#1304=CARTESIAN_POINT('',(38.,122.,1.));
#1305=DIRECTION('',(0.,-1.,0.));
#1306=VECTOR('',#1305,31.);
#1307=LINE('',#1304,#1306);
#1308=EDGE_CURVE('',#1297,#858,#1307,.T.);
#1309=ORIENTED_EDGE('',*,*,#1308,.T.);
#1310=ORIENTED_EDGE('',*,*,#863,.T.);
#1311=ORIENTED_EDGE('',*,*,#247,.T.);
#1312=EDGE_LOOP('',(#1303,#1309,#1310,#1311));
#1313=FACE_BOUND('',#1312,.T.);
#1314=ADVANCED_FACE('',(#1313),#1295,.T.);
#1315=CARTESIAN_POINT('',(32.,123.,2.));
#1316=DIRECTION('',(-1.,0.,0.));
#1317=DIRECTION('',(0.,0.,1.));
#1318=AXIS2_PLACEMENT_3D('',#1315,#1316,#1317);
#1319=PLANE('',#1318);
#1320=CARTESIAN_POINT('',(32.,122.,7.));
#1321=VERTEX_POINT('',#1320);
#1322=CARTESIAN_POINT('',(32.,124.,7.));
#1323=DIRECTION('',(0.,-1.,0.));
#1324=VECTOR('',#1323,2.);
#1325=LINE('',#1322,#1324);
#1326=EDGE_CURVE('',#115,#1321,#1325,.T.);
#1327=ORIENTED_EDGE('',*,*,#1326,.F.);
#1328=ORIENTED_EDGE('',*,*,#120,.F.);
#1329=CARTESIAN_POINT('',(32.,122.,1.));
#1330=VERTEX_POINT('',#1329);
#1331=CARTESIAN_POINT('',(32.,124.,1.));
#1332=DIRECTION('',(0.,-1.,0.));
#1333=VECTOR('',#1332,2.);
#1334=LINE('',#1331,#1333);
#1335=EDGE_CURVE('',#107,#1330,#1334,.T.);
#1336=ORIENTED_EDGE('',*,*,#1335,.T.);
#1337=CARTESIAN_POINT('',(32.,122.,1.));
#1338=DIRECTION('',(0.,0.,1.));
#1339=VECTOR('',#1338,6.);
#1340=LINE('',#1337,#1339);
#1341=EDGE_CURVE('',#1330,#1321,#1340,.T.);
#1342=ORIENTED_EDGE('',*,*,#1341,.T.);
#1343=EDGE_LOOP('',(#1327,#1328,#1336,#1342));
#1344=FACE_BOUND('',#1343,.T.);
#1345=ADVANCED_FACE('',(#1344),#1319,.T.);
#1346=CARTESIAN_POINT('',(35.,122.,2.));
#1347=DIRECTION('',(0.,-1.,0.));
#1348=DIRECTION('',(0.,0.,-1.));
#1349=AXIS2_PLACEMENT_3D('',#1346,#1347,#1348);
#1350=PLANE('',#1349);
#1351=ORIENTED_EDGE('',*,*,#1302,.T.);
#1352=ORIENTED_EDGE('',*,*,#239,.T.);
#1353=CARTESIAN_POINT('',(42.,122.,7.));
#1354=VERTEX_POINT('',#1353);
#1355=CARTESIAN_POINT('',(42.,122.,3.));
#1356=DIRECTION('',(0.,0.,1.));
#1357=VECTOR('',#1356,4.);
#1358=LINE('',#1355,#1357);
#1359=EDGE_CURVE('',#226,#1354,#1358,.T.);
#1360=ORIENTED_EDGE('',*,*,#1359,.T.);
#1361=CARTESIAN_POINT('',(32.,122.,7.));
#1362=DIRECTION('',(1.,0.,-0.));
#1363=VECTOR('',#1362,10.);
#1364=LINE('',#1361,#1363);
#1365=EDGE_CURVE('',#1321,#1354,#1364,.T.);
#1366=ORIENTED_EDGE('',*,*,#1365,.F.);
#1367=ORIENTED_EDGE('',*,*,#1341,.F.);
#1368=CARTESIAN_POINT('',(32.,122.,1.));
#1369=DIRECTION('',(1.,0.,-0.));
#1370=VECTOR('',#1369,6.);
#1371=LINE('',#1368,#1370);
#1372=EDGE_CURVE('',#1330,#1297,#1371,.T.);
#1373=ORIENTED_EDGE('',*,*,#1372,.T.);
#1374=EDGE_LOOP('',(#1351,#1352,#1360,#1366,#1367,#1373));
#1375=FACE_BOUND('',#1374,.T.);
#1376=ADVANCED_FACE('',(#1375),#1350,.T.);
#1377=CARTESIAN_POINT('',(0.,0.,1.));
#1378=DIRECTION('',(0.,0.,1.));
#1379=DIRECTION('',(1.,0.,0.));
#1380=AXIS2_PLACEMENT_3D('',#1377,#1378,#1379);
#1381=PLANE('',#1380);
#1382=ORIENTED_EDGE('',*,*,#1372,.F.);
#1383=ORIENTED_EDGE('',*,*,#1335,.F.);
#1384=ORIENTED_EDGE('',*,*,#112,.F.);
#1385=CARTESIAN_POINT('',(23.,122.,1.));
#1386=VERTEX_POINT('',#1385);
#1387=CARTESIAN_POINT('',(23.,124.,1.));
#1388=DIRECTION('',(0.,-1.,0.));
#1389=VECTOR('',#1388,2.);
#1390=LINE('',#1387,#1389);
#1391=EDGE_CURVE('',#99,#1386,#1390,.T.);
#1392=ORIENTED_EDGE('',*,*,#1391,.T.);
#1393=CARTESIAN_POINT('',(17.,122.,1.));
#1394=VERTEX_POINT('',#1393);
#1395=CARTESIAN_POINT('',(23.,122.,1.));
#1396=DIRECTION('',(-1.,0.,0.));
#1397=VECTOR('',#1396,6.);
#1398=LINE('',#1395,#1397);
#1399=EDGE_CURVE('',#1386,#1394,#1398,.T.);
#1400=ORIENTED_EDGE('',*,*,#1399,.T.);
#1401=CARTESIAN_POINT('',(17.,122.,1.));
#1402=DIRECTION('',(0.,-1.,0.));
#1403=VECTOR('',#1402,31.);
#1404=LINE('',#1401,#1403);
#1405=EDGE_CURVE('',#1394,#866,#1404,.T.);
#1406=ORIENTED_EDGE('',*,*,#1405,.T.);
#1407=ORIENTED_EDGE('',*,*,#871,.T.);
#1408=ORIENTED_EDGE('',*,*,#1308,.F.);
#1409=EDGE_LOOP('',(#1382,#1383,#1384,#1392,#1400,#1406,#1407,#1408));
#1410=FACE_BOUND('',#1409,.T.);
#1411=ADVANCED_FACE('',(#1410),#1381,.T.);
#1412=CARTESIAN_POINT('',(2.5,53.,1.));
#1413=DIRECTION('',(1.,0.,-0.));
#1414=DIRECTION('',(0.,0.,1.));
#1415=AXIS2_PLACEMENT_3D('',#1412,#1413,#1414);
#1416=PLANE('',#1415);
#1417=CARTESIAN_POINT('',(2.5,103.5,3.));
#1418=DIRECTION('',(0.,0.,1.));
#1419=VECTOR('',#1418,4.);
#1420=LINE('',#1417,#1419);
#1421=EDGE_CURVE('',#332,#819,#1420,.T.);
#1422=ORIENTED_EDGE('',*,*,#1421,.T.);
#1423=ORIENTED_EDGE('',*,*,#824,.T.);
#1424=CARTESIAN_POINT('',(2.5,2.5,3.));
#1425=DIRECTION('',(0.,0.,1.));
#1426=VECTOR('',#1425,4.);
#1427=LINE('',#1424,#1426);
#1428=EDGE_CURVE('',#340,#811,#1427,.T.);
#1429=ORIENTED_EDGE('',*,*,#1428,.F.);
#1430=ORIENTED_EDGE('',*,*,#345,.F.);
#1431=EDGE_LOOP('',(#1422,#1423,#1429,#1430));
#1432=FACE_BOUND('',#1431,.T.);
#1433=ADVANCED_FACE('',(#1432),#1416,.T.);
#1434=CARTESIAN_POINT('',(8.,103.5,1.));
#1435=DIRECTION('',(0.,-1.,0.));
#1436=DIRECTION('',(0.,0.,1.));
#1437=AXIS2_PLACEMENT_3D('',#1434,#1435,#1436);
#1438=PLANE('',#1437);
#1439=CARTESIAN_POINT('',(13.5,103.5,3.));
#1440=DIRECTION('',(0.,0.,1.));
#1441=VECTOR('',#1440,4.);
#1442=LINE('',#1439,#1441);
#1443=EDGE_CURVE('',#324,#827,#1442,.T.);
#1444=ORIENTED_EDGE('',*,*,#1443,.T.);
#1445=ORIENTED_EDGE('',*,*,#832,.T.);
#1446=ORIENTED_EDGE('',*,*,#1421,.F.);
#1447=ORIENTED_EDGE('',*,*,#337,.F.);
#1448=EDGE_LOOP('',(#1444,#1445,#1446,#1447));
#1449=FACE_BOUND('',#1448,.T.);
#1450=ADVANCED_FACE('',(#1449),#1438,.T.);
#1451=CARTESIAN_POINT('',(13.5,83.5,1.));
#1452=DIRECTION('',(-1.,0.,0.));
#1453=DIRECTION('',(-0.,0.,-1.));
#1454=AXIS2_PLACEMENT_3D('',#1451,#1452,#1453);
#1455=PLANE('',#1454);
#1456=CARTESIAN_POINT('',(13.5,63.5,3.));
#1457=DIRECTION('',(0.,0.,1.));
#1458=VECTOR('',#1457,4.);
#1459=LINE('',#1456,#1458);
#1460=EDGE_CURVE('',#316,#835,#1459,.T.);
#1461=ORIENTED_EDGE('',*,*,#1460,.T.);
#1462=ORIENTED_EDGE('',*,*,#840,.T.);
#1463=ORIENTED_EDGE('',*,*,#1443,.F.);
#1464=ORIENTED_EDGE('',*,*,#329,.F.);
#1465=EDGE_LOOP('',(#1461,#1462,#1463,#1464));
#1466=FACE_BOUND('',#1465,.T.);
#1467=ADVANCED_FACE('',(#1466),#1455,.T.);
#1468=CARTESIAN_POINT('',(53.,63.5,1.));
#1469=DIRECTION('',(0.,-1.,0.));
#1470=DIRECTION('',(0.,0.,1.));
#1471=AXIS2_PLACEMENT_3D('',#1468,#1469,#1470);
#1472=PLANE('',#1471);
#1473=ORIENTED_EDGE('',*,*,#1248,.T.);
#1474=ORIENTED_EDGE('',*,*,#846,.T.);
#1475=ORIENTED_EDGE('',*,*,#1460,.F.);
#1476=ORIENTED_EDGE('',*,*,#321,.F.);
#1477=EDGE_LOOP('',(#1473,#1474,#1475,#1476));
#1478=FACE_BOUND('',#1477,.T.);
#1479=ADVANCED_FACE('',(#1478),#1472,.T.);
#1480=CARTESIAN_POINT('',(53.,-0.,1.));
#1481=DIRECTION('',(0.,1.,0.));
#1482=DIRECTION('',(-0.,0.,-1.));
#1483=AXIS2_PLACEMENT_3D('',#1480,#1481,#1482);
#1484=PLANE('',#1483);
#1485=ORIENTED_EDGE('',*,*,#982,.T.);
#1486=CARTESIAN_POINT('',(104.,-0.,-0.));
#1487=DIRECTION('',(0.,0.,1.));
#1488=VECTOR('',#1487,7.);
#1489=LINE('',#1486,#1488);
#1490=EDGE_CURVE('',#968,#752,#1489,.T.);
#1491=ORIENTED_EDGE('',*,*,#1490,.T.);
#1492=ORIENTED_EDGE('',*,*,#757,.F.);
#1493=CARTESIAN_POINT('',(2.,-0.,7.));
#1494=DIRECTION('',(-0.,-0.,-1.));
#1495=VECTOR('',#1494,7.);
#1496=LINE('',#1493,#1495);
#1497=EDGE_CURVE('',#743,#977,#1496,.T.);
#1498=ORIENTED_EDGE('',*,*,#1497,.T.);
#1499=EDGE_LOOP('',(#1485,#1491,#1492,#1498));
#1500=FACE_BOUND('',#1499,.T.);
#1501=ADVANCED_FACE('',(#1500),#1484,.F.);
#1502=CARTESIAN_POINT('',(53.,2.5,1.));
#1503=DIRECTION('',(0.,1.,0.));
#1504=DIRECTION('',(-0.,0.,-1.));
#1505=AXIS2_PLACEMENT_3D('',#1502,#1503,#1504);
#1506=PLANE('',#1505);
#1507=CARTESIAN_POINT('',(99.,2.5,1.));
#1508=VERTEX_POINT('',#1507);
#1509=CARTESIAN_POINT('',(99.,2.5,1.));
#1510=DIRECTION('',(0.,0.,1.));
#1511=VECTOR('',#1510,2.);
#1512=LINE('',#1509,#1511);
#1513=EDGE_CURVE('',#1508,#348,#1512,.T.);
#1514=ORIENTED_EDGE('',*,*,#1513,.T.);
#1515=ORIENTED_EDGE('',*,*,#353,.F.);
#1516=ORIENTED_EDGE('',*,*,#1428,.T.);
#1517=ORIENTED_EDGE('',*,*,#816,.T.);
#1518=ORIENTED_EDGE('',*,*,#1286,.F.);
#1519=CARTESIAN_POINT('',(99.,2.5,1.));
#1520=DIRECTION('',(1.,0.,-0.));
#1521=VECTOR('',#1520,4.5);
#1522=LINE('',#1519,#1521);
#1523=EDGE_CURVE('',#1508,#1275,#1522,.T.);
#1524=ORIENTED_EDGE('',*,*,#1523,.F.);
#1525=EDGE_LOOP('',(#1514,#1515,#1516,#1517,#1518,#1524));
#1526=FACE_BOUND('',#1525,.T.);
#1527=ADVANCED_FACE('',(#1526),#1506,.T.);
#1528=CARTESIAN_POINT('',(-0.,53.,1.));
#1529=DIRECTION('',(1.,0.,-0.));
#1530=DIRECTION('',(0.,0.,1.));
#1531=AXIS2_PLACEMENT_3D('',#1528,#1529,#1530);
#1532=PLANE('',#1531);
#1533=ORIENTED_EDGE('',*,*,#740,.F.);
#1534=CARTESIAN_POINT('',(-0.,122.,7.));
#1535=DIRECTION('',(-0.,0.,-1.));
#1536=VECTOR('',#1535,7.);
#1537=LINE('',#1534,#1536);
#1538=EDGE_CURVE('',#726,#994,#1537,.T.);
#1539=ORIENTED_EDGE('',*,*,#1538,.T.);
#1540=ORIENTED_EDGE('',*,*,#999,.T.);
#1541=CARTESIAN_POINT('',(-0.,2.,-0.));
#1542=DIRECTION('',(0.,0.,1.));
#1543=VECTOR('',#1542,7.);
#1544=LINE('',#1541,#1543);
#1545=EDGE_CURVE('',#985,#735,#1544,.T.);
#1546=ORIENTED_EDGE('',*,*,#1545,.T.);
#1547=EDGE_LOOP('',(#1533,#1539,#1540,#1546));
#1548=FACE_BOUND('',#1547,.T.);
#1549=ADVANCED_FACE('',(#1548),#1532,.F.);
#1550=CARTESIAN_POINT('',(53.,63.,3.));
#1551=DIRECTION('',(0.,1.,0.));
#1552=DIRECTION('',(-0.,0.,-1.));
#1553=AXIS2_PLACEMENT_3D('',#1550,#1551,#1552);
#1554=PLANE('',#1553);
#1555=CARTESIAN_POINT('',(63.,63.,1.));
#1556=VERTEX_POINT('',#1555);
#1557=CARTESIAN_POINT('',(43.,63.,1.));
#1558=VERTEX_POINT('',#1557);
#1559=CARTESIAN_POINT('',(63.,63.,1.));
#1560=DIRECTION('',(-1.,0.,0.));
#1561=VECTOR('',#1560,20.);
#1562=LINE('',#1559,#1561);
#1563=EDGE_CURVE('',#1556,#1558,#1562,.T.);
#1564=ORIENTED_EDGE('',*,*,#1563,.F.);
#1565=CARTESIAN_POINT('',(63.,63.,1.));
#1566=DIRECTION('',(0.,0.,1.));
#1567=VECTOR('',#1566,2.);
#1568=LINE('',#1565,#1567);
#1569=EDGE_CURVE('',#1556,#396,#1568,.T.);
#1570=ORIENTED_EDGE('',*,*,#1569,.T.);
#1571=ORIENTED_EDGE('',*,*,#401,.T.);
#1572=CARTESIAN_POINT('',(43.,63.,1.));
#1573=DIRECTION('',(0.,0.,1.));
#1574=VECTOR('',#1573,2.);
#1575=LINE('',#1572,#1574);
#1576=EDGE_CURVE('',#1558,#388,#1575,.T.);
#1577=ORIENTED_EDGE('',*,*,#1576,.F.);
#1578=EDGE_LOOP('',(#1564,#1570,#1571,#1577));
#1579=FACE_BOUND('',#1578,.T.);
#1580=ADVANCED_FACE('',(#1579),#1554,.F.);
#1581=CARTESIAN_POINT('',(103.,53.,3.));
#1582=DIRECTION('',(1.,0.,-0.));
#1583=DIRECTION('',(0.,0.,1.));
#1584=AXIS2_PLACEMENT_3D('',#1581,#1582,#1583);
#1585=PLANE('',#1584);
#1586=ORIENTED_EDGE('',*,*,#441,.T.);
#1587=CARTESIAN_POINT('',(103.,56.,1.));
#1588=VERTEX_POINT('',#1587);
#1589=CARTESIAN_POINT('',(103.,56.,3.));
#1590=DIRECTION('',(-0.,0.,-1.));
#1591=VECTOR('',#1590,2.);
#1592=LINE('',#1589,#1591);
#1593=EDGE_CURVE('',#428,#1588,#1592,.T.);
#1594=ORIENTED_EDGE('',*,*,#1593,.T.);
#1595=CARTESIAN_POINT('',(103.,11.,1.));
#1596=VERTEX_POINT('',#1595);
#1597=CARTESIAN_POINT('',(103.,11.,1.));
#1598=DIRECTION('',(0.,1.,0.));
#1599=VECTOR('',#1598,45.);
#1600=LINE('',#1597,#1599);
#1601=EDGE_CURVE('',#1596,#1588,#1600,.T.);
#1602=ORIENTED_EDGE('',*,*,#1601,.F.);
#1603=CARTESIAN_POINT('',(103.,11.,1.));
#1604=DIRECTION('',(0.,0.,1.));
#1605=VECTOR('',#1604,2.);
#1606=LINE('',#1603,#1605);
#1607=EDGE_CURVE('',#1596,#436,#1606,.T.);
#1608=ORIENTED_EDGE('',*,*,#1607,.T.);
#1609=EDGE_LOOP('',(#1586,#1594,#1602,#1608));
#1610=FACE_BOUND('',#1609,.T.);
#1611=ADVANCED_FACE('',(#1610),#1585,.F.);
#1612=CARTESIAN_POINT('',(99.,6.75,1.));
#1613=DIRECTION('',(1.,0.,-0.));
#1614=DIRECTION('',(0.,0.,1.));
#1615=AXIS2_PLACEMENT_3D('',#1612,#1613,#1614);
#1616=PLANE('',#1615);
#1617=ORIENTED_EDGE('',*,*,#361,.T.);
#1618=ORIENTED_EDGE('',*,*,#1513,.F.);
#1619=CARTESIAN_POINT('',(99.,11.,1.));
#1620=VERTEX_POINT('',#1619);
#1621=CARTESIAN_POINT('',(99.,11.,1.));
#1622=DIRECTION('',(0.,-1.,0.));
#1623=VECTOR('',#1622,8.5);
#1624=LINE('',#1621,#1623);
#1625=EDGE_CURVE('',#1620,#1508,#1624,.T.);
#1626=ORIENTED_EDGE('',*,*,#1625,.F.);
#1627=CARTESIAN_POINT('',(99.,11.,1.));
#1628=DIRECTION('',(0.,0.,1.));
#1629=VECTOR('',#1628,2.);
#1630=LINE('',#1627,#1629);
#1631=EDGE_CURVE('',#1620,#356,#1630,.T.);
#1632=ORIENTED_EDGE('',*,*,#1631,.T.);
#1633=EDGE_LOOP('',(#1617,#1618,#1626,#1632));
#1634=FACE_BOUND('',#1633,.T.);
#1635=ADVANCED_FACE('',(#1634),#1616,.T.);
#1636=CARTESIAN_POINT('',(101.25,11.,1.));
#1637=DIRECTION('',(0.,-1.,0.));
#1638=DIRECTION('',(0.,0.,1.));
#1639=AXIS2_PLACEMENT_3D('',#1636,#1637,#1638);
#1640=PLANE('',#1639);
#1641=ORIENTED_EDGE('',*,*,#1607,.F.);
#1642=CARTESIAN_POINT('',(103.5,11.,1.));
#1643=DIRECTION('',(-1.,0.,0.));
#1644=VECTOR('',#1643,0.5);
#1645=LINE('',#1642,#1644);
#1646=EDGE_CURVE('',#1267,#1596,#1645,.T.);
#1647=ORIENTED_EDGE('',*,*,#1646,.F.);
#1648=ORIENTED_EDGE('',*,*,#1272,.T.);
#1649=ORIENTED_EDGE('',*,*,#449,.T.);
#1650=EDGE_LOOP('',(#1641,#1647,#1648,#1649));
#1651=FACE_BOUND('',#1650,.T.);
#1652=ADVANCED_FACE('',(#1651),#1640,.T.);
#1653=CARTESIAN_POINT('',(57.,11.,3.));
#1654=DIRECTION('',(0.,1.,0.));
#1655=DIRECTION('',(-0.,0.,-1.));
#1656=AXIS2_PLACEMENT_3D('',#1653,#1654,#1655);
#1657=PLANE('',#1656);
#1658=CARTESIAN_POINT('',(11.,11.,1.));
#1659=VERTEX_POINT('',#1658);
#1660=CARTESIAN_POINT('',(99.,11.,1.));
#1661=DIRECTION('',(-1.,0.,0.));
#1662=VECTOR('',#1661,88.);
#1663=LINE('',#1660,#1662);
#1664=EDGE_CURVE('',#1620,#1659,#1663,.T.);
#1665=ORIENTED_EDGE('',*,*,#1664,.T.);
#1666=CARTESIAN_POINT('',(11.,11.,3.));
#1667=DIRECTION('',(-0.,0.,-1.));
#1668=VECTOR('',#1667,2.);
#1669=LINE('',#1666,#1668);
#1670=EDGE_CURVE('',#364,#1659,#1669,.T.);
#1671=ORIENTED_EDGE('',*,*,#1670,.F.);
#1672=ORIENTED_EDGE('',*,*,#369,.F.);
#1673=ORIENTED_EDGE('',*,*,#1631,.F.);
#1674=EDGE_LOOP('',(#1665,#1671,#1672,#1673));
#1675=FACE_BOUND('',#1674,.T.);
#1676=ADVANCED_FACE('',(#1675),#1657,.T.);
#1677=CARTESIAN_POINT('',(3.,3.,1.));
#1678=DIRECTION('',(-0.,0.,-1.));
#1679=DIRECTION('',(1.,0.,-0.));
#1680=AXIS2_PLACEMENT_3D('',#1677,#1678,#1679);
#1681=PLANE('',#1680);
#1682=ORIENTED_EDGE('',*,*,#1601,.T.);
#1683=CARTESIAN_POINT('',(92.5,56.,1.));
#1684=VERTEX_POINT('',#1683);
#1685=CARTESIAN_POINT('',(103.,56.,1.));
#1686=DIRECTION('',(-1.,0.,0.));
#1687=VECTOR('',#1686,10.5);
#1688=LINE('',#1685,#1687);
#1689=EDGE_CURVE('',#1588,#1684,#1688,.T.);
#1690=ORIENTED_EDGE('',*,*,#1689,.T.);
#1691=CARTESIAN_POINT('',(92.5,61.,1.));
#1692=VERTEX_POINT('',#1691);
#1693=CARTESIAN_POINT('',(92.5,56.,1.));
#1694=DIRECTION('',(0.,1.,0.));
#1695=VECTOR('',#1694,5.);
#1696=LINE('',#1693,#1695);
#1697=EDGE_CURVE('',#1684,#1692,#1696,.T.);
#1698=ORIENTED_EDGE('',*,*,#1697,.T.);
#1699=CARTESIAN_POINT('',(63.,61.,1.));
#1700=VERTEX_POINT('',#1699);
#1701=CARTESIAN_POINT('',(92.5,61.,1.));
#1702=DIRECTION('',(-1.,0.,0.));
#1703=VECTOR('',#1702,29.5);
#1704=LINE('',#1701,#1703);
#1705=EDGE_CURVE('',#1692,#1700,#1704,.T.);
#1706=ORIENTED_EDGE('',*,*,#1705,.T.);
#1707=CARTESIAN_POINT('',(63.,61.,1.));
#1708=DIRECTION('',(0.,1.,0.));
#1709=VECTOR('',#1708,2.);
#1710=LINE('',#1707,#1709);
#1711=EDGE_CURVE('',#1700,#1556,#1710,.T.);
#1712=ORIENTED_EDGE('',*,*,#1711,.T.);
#1713=ORIENTED_EDGE('',*,*,#1563,.T.);
#1714=CARTESIAN_POINT('',(43.,61.,1.));
#1715=VERTEX_POINT('',#1714);
#1716=CARTESIAN_POINT('',(43.,63.,1.));
#1717=DIRECTION('',(0.,-1.,0.));
#1718=VECTOR('',#1717,2.);
#1719=LINE('',#1716,#1718);
#1720=EDGE_CURVE('',#1558,#1715,#1719,.T.);
#1721=ORIENTED_EDGE('',*,*,#1720,.T.);
#1722=CARTESIAN_POINT('',(11.,61.,1.));
#1723=VERTEX_POINT('',#1722);
#1724=CARTESIAN_POINT('',(43.,61.,1.));
#1725=DIRECTION('',(-1.,-0.,0.));
#1726=VECTOR('',#1725,32.);
#1727=LINE('',#1724,#1726);
#1728=EDGE_CURVE('',#1715,#1723,#1727,.T.);
#1729=ORIENTED_EDGE('',*,*,#1728,.T.);
#1730=CARTESIAN_POINT('',(11.,61.,1.));
#1731=DIRECTION('',(0.,-1.,-0.));
#1732=VECTOR('',#1731,50.);
#1733=LINE('',#1730,#1732);
#1734=EDGE_CURVE('',#1723,#1659,#1733,.T.);
#1735=ORIENTED_EDGE('',*,*,#1734,.T.);
#1736=ORIENTED_EDGE('',*,*,#1664,.F.);
#1737=ORIENTED_EDGE('',*,*,#1625,.T.);
#1738=ORIENTED_EDGE('',*,*,#1523,.T.);
#1739=ORIENTED_EDGE('',*,*,#1280,.T.);
#1740=ORIENTED_EDGE('',*,*,#1646,.T.);
#1741=EDGE_LOOP('',(#1682,#1690,#1698,#1706,#1712,#1713,#1721,#1729,#1735,#1736,#1737,#1738,#1739,#1740));
#1742=FACE_BOUND('',#1741,.T.);
#1743=ADVANCED_FACE('',(#1742),#1681,.F.);
#1744=CARTESIAN_POINT('',(83.,61.,1.));
#1745=DIRECTION('',(-0.,-1.,0.));
#1746=DIRECTION('',(1.,-0.,-0.));
#1747=AXIS2_PLACEMENT_3D('',#1744,#1745,#1746);
#1748=PLANE('',#1747);
#1749=CARTESIAN_POINT('',(92.5,61.,3.));
#1750=DIRECTION('',(-0.,0.,-1.));
#1751=VECTOR('',#1750,2.);
#1752=LINE('',#1749,#1751);
#1753=EDGE_CURVE('',#412,#1692,#1752,.T.);
#1754=ORIENTED_EDGE('',*,*,#1753,.F.);
#1755=ORIENTED_EDGE('',*,*,#417,.T.);
#1756=CARTESIAN_POINT('',(63.,61.,1.));
#1757=DIRECTION('',(0.,0.,1.));
#1758=VECTOR('',#1757,2.);
#1759=LINE('',#1756,#1758);
#1760=EDGE_CURVE('',#1700,#404,#1759,.T.);
#1761=ORIENTED_EDGE('',*,*,#1760,.F.);
#1762=ORIENTED_EDGE('',*,*,#1705,.F.);
#1763=EDGE_LOOP('',(#1754,#1755,#1761,#1762));
#1764=FACE_BOUND('',#1763,.T.);
#1765=ADVANCED_FACE('',(#1764),#1748,.T.);
#1766=CARTESIAN_POINT('',(63.,62.,1.));
#1767=DIRECTION('',(-1.,0.,0.));
#1768=DIRECTION('',(-0.,0.,-1.));
#1769=AXIS2_PLACEMENT_3D('',#1766,#1767,#1768);
#1770=PLANE('',#1769);
#1771=ORIENTED_EDGE('',*,*,#409,.T.);
#1772=ORIENTED_EDGE('',*,*,#1569,.F.);
#1773=ORIENTED_EDGE('',*,*,#1711,.F.);
#1774=ORIENTED_EDGE('',*,*,#1760,.T.);
#1775=EDGE_LOOP('',(#1771,#1772,#1773,#1774));
#1776=FACE_BOUND('',#1775,.T.);
#1777=ADVANCED_FACE('',(#1776),#1770,.T.);
#1778=CARTESIAN_POINT('',(43.,62.,1.));
#1779=DIRECTION('',(1.,0.,-0.));
#1780=DIRECTION('',(0.,0.,1.));
#1781=AXIS2_PLACEMENT_3D('',#1778,#1779,#1780);
#1782=PLANE('',#1781);
#1783=ORIENTED_EDGE('',*,*,#393,.T.);
#1784=CARTESIAN_POINT('',(43.,61.,1.));
#1785=DIRECTION('',(0.,0.,1.));
#1786=VECTOR('',#1785,2.);
#1787=LINE('',#1784,#1786);
#1788=EDGE_CURVE('',#1715,#380,#1787,.T.);
#1789=ORIENTED_EDGE('',*,*,#1788,.F.);
#1790=ORIENTED_EDGE('',*,*,#1720,.F.);
#1791=ORIENTED_EDGE('',*,*,#1576,.T.);
#1792=EDGE_LOOP('',(#1783,#1789,#1790,#1791));
#1793=FACE_BOUND('',#1792,.T.);
#1794=ADVANCED_FACE('',(#1793),#1782,.T.);
#1795=CARTESIAN_POINT('',(11.,32.,1.));
#1796=DIRECTION('',(1.,0.,-0.));
#1797=DIRECTION('',(-0.,1.,0.));
#1798=AXIS2_PLACEMENT_3D('',#1795,#1796,#1797);
#1799=PLANE('',#1798);
#1800=ORIENTED_EDGE('',*,*,#1670,.T.);
#1801=ORIENTED_EDGE('',*,*,#1734,.F.);
#1802=CARTESIAN_POINT('',(11.,61.,1.));
#1803=DIRECTION('',(0.,0.,1.));
#1804=VECTOR('',#1803,2.);
#1805=LINE('',#1802,#1804);
#1806=EDGE_CURVE('',#1723,#372,#1805,.T.);
#1807=ORIENTED_EDGE('',*,*,#1806,.T.);
#1808=ORIENTED_EDGE('',*,*,#377,.T.);
#1809=EDGE_LOOP('',(#1800,#1801,#1807,#1808));
#1810=FACE_BOUND('',#1809,.T.);
#1811=ADVANCED_FACE('',(#1810),#1799,.T.);
#1812=CARTESIAN_POINT('',(27.,61.,1.));
#1813=DIRECTION('',(0.,-1.,-0.));
#1814=DIRECTION('',(1.,0.,-0.));
#1815=AXIS2_PLACEMENT_3D('',#1812,#1813,#1814);
#1816=PLANE('',#1815);
#1817=ORIENTED_EDGE('',*,*,#385,.T.);
#1818=ORIENTED_EDGE('',*,*,#1806,.F.);
#1819=ORIENTED_EDGE('',*,*,#1728,.F.);
#1820=ORIENTED_EDGE('',*,*,#1788,.T.);
#1821=EDGE_LOOP('',(#1817,#1818,#1819,#1820));
#1822=FACE_BOUND('',#1821,.T.);
#1823=ADVANCED_FACE('',(#1822),#1816,.T.);
#1824=CARTESIAN_POINT('',(8.,56.,1.));
#1825=DIRECTION('',(0.,0.,1.));
#1826=DIRECTION('',(-1.,0.,0.));
#1827=AXIS2_PLACEMENT_3D('',#1824,#1825,#1826);
#1828=CYLINDRICAL_SURFACE('',#1827,1.);
#1829=CARTESIAN_POINT('',(7.,56.,3.));
#1830=DIRECTION('',(-0.,-0.,-1.));
#1831=VECTOR('',#1830,3.);
#1832=LINE('',#1829,#1831);
#1833=EDGE_CURVE('',#161,#901,#1832,.T.);
#1834=ORIENTED_EDGE('',*,*,#1833,.F.);
#1835=ORIENTED_EDGE('',*,*,#169,.T.);
#1836=ORIENTED_EDGE('',*,*,#176,.T.);
#1837=ORIENTED_EDGE('',*,*,#1833,.T.);
#1838=ORIENTED_EDGE('',*,*,#907,.F.);
#1839=ORIENTED_EDGE('',*,*,#914,.F.);
#1840=EDGE_LOOP('',(#1834,#1835,#1836,#1837,#1838,#1839));
#1841=FACE_BOUND('',#1840,.T.);
#1842=ADVANCED_FACE('',(#1841),#1828,.F.);
#1843=CARTESIAN_POINT('',(104.,2.,1.));
#1844=DIRECTION('',(0.,0.,1.));
#1845=DIRECTION('',(1.,0.,-0.));
#1846=AXIS2_PLACEMENT_3D('',#1843,#1844,#1845);
#1847=CYLINDRICAL_SURFACE('',#1846,2.);
#1848=ORIENTED_EDGE('',*,*,#974,.F.);
#1849=CARTESIAN_POINT('',(106.,2.,7.));
#1850=DIRECTION('',(-0.,-0.,-1.));
#1851=VECTOR('',#1850,7.);
#1852=LINE('',#1849,#1851);
#1853=EDGE_CURVE('',#760,#960,#1852,.T.);
#1854=ORIENTED_EDGE('',*,*,#1853,.F.);
#1855=ORIENTED_EDGE('',*,*,#766,.F.);
#1856=ORIENTED_EDGE('',*,*,#1490,.F.);
#1857=EDGE_LOOP('',(#1848,#1854,#1855,#1856));
#1858=FACE_BOUND('',#1857,.T.);
#1859=ADVANCED_FACE('',(#1858),#1847,.T.);
#1860=CARTESIAN_POINT('',(2.,122.,1.));
#1861=DIRECTION('',(-0.,0.,-1.));
#1862=DIRECTION('',(-1.,0.,0.));
#1863=AXIS2_PLACEMENT_3D('',#1860,#1861,#1862);
#1864=CYLINDRICAL_SURFACE('',#1863,2.);
#1865=ORIENTED_EDGE('',*,*,#732,.F.);
#1866=ORIENTED_EDGE('',*,*,#88,.F.);
#1867=ORIENTED_EDGE('',*,*,#1006,.F.);
#1868=ORIENTED_EDGE('',*,*,#1538,.F.);
#1869=EDGE_LOOP('',(#1865,#1866,#1867,#1868));
#1870=FACE_BOUND('',#1869,.T.);
#1871=ADVANCED_FACE('',(#1870),#1864,.T.);
#1872=CARTESIAN_POINT('',(2.,2.,1.));
#1873=DIRECTION('',(0.,0.,1.));
#1874=DIRECTION('',(1.,0.,-0.));
#1875=AXIS2_PLACEMENT_3D('',#1872,#1873,#1874);
#1876=CYLINDRICAL_SURFACE('',#1875,2.);
#1877=ORIENTED_EDGE('',*,*,#991,.F.);
#1878=ORIENTED_EDGE('',*,*,#1497,.F.);
#1879=ORIENTED_EDGE('',*,*,#749,.F.);
#1880=ORIENTED_EDGE('',*,*,#1545,.F.);
#1881=EDGE_LOOP('',(#1877,#1878,#1879,#1880));
#1882=FACE_BOUND('',#1881,.T.);
#1883=ADVANCED_FACE('',(#1882),#1876,.T.);
#1884=CARTESIAN_POINT('',(17.,107.5,2.));
#1885=DIRECTION('',(-1.,-0.,0.));
#1886=DIRECTION('',(0.,-1.,0.));
#1887=AXIS2_PLACEMENT_3D('',#1884,#1885,#1886);
#1888=PLANE('',#1887);
#1889=CARTESIAN_POINT('',(17.,122.,1.));
#1890=DIRECTION('',(0.,0.,1.));
#1891=VECTOR('',#1890,6.);
#1892=LINE('',#1889,#1891);
#1893=EDGE_CURVE('',#1394,#703,#1892,.T.);
#1894=ORIENTED_EDGE('',*,*,#1893,.T.);
#1895=ORIENTED_EDGE('',*,*,#708,.T.);
#1896=CARTESIAN_POINT('',(17.,67.,3.));
#1897=DIRECTION('',(0.,0.,1.));
#1898=VECTOR('',#1897,4.);
#1899=LINE('',#1896,#1898);
#1900=EDGE_CURVE('',#258,#695,#1899,.T.);
#1901=ORIENTED_EDGE('',*,*,#1900,.F.);
#1902=ORIENTED_EDGE('',*,*,#263,.T.);
#1903=ORIENTED_EDGE('',*,*,#877,.F.);
#1904=ORIENTED_EDGE('',*,*,#1405,.F.);
#1905=EDGE_LOOP('',(#1894,#1895,#1901,#1902,#1903,#1904));
#1906=FACE_BOUND('',#1905,.T.);
#1907=ADVANCED_FACE('',(#1906),#1888,.F.);
#1908=CARTESIAN_POINT('',(27.5,82.,2.));
#1909=DIRECTION('',(0.,-1.,0.));
#1910=DIRECTION('',(0.,0.,-1.));
#1911=AXIS2_PLACEMENT_3D('',#1908,#1909,#1910);
#1912=PLANE('',#1911);
#1913=ORIENTED_EDGE('',*,*,#675,.T.);
#1914=CARTESIAN_POINT('',(91.5,82.,7.));
#1915=DIRECTION('',(-0.,0.,-1.));
#1916=VECTOR('',#1915,4.);
#1917=LINE('',#1914,#1916);
#1918=EDGE_CURVE('',#661,#291,#1917,.T.);
#1919=ORIENTED_EDGE('',*,*,#1918,.T.);
#1920=ORIENTED_EDGE('',*,*,#296,.F.);
#1921=CARTESIAN_POINT('',(90.,82.,3.));
#1922=DIRECTION('',(0.,0.,1.));
#1923=VECTOR('',#1922,4.);
#1924=LINE('',#1921,#1923);
#1925=EDGE_CURVE('',#282,#670,#1924,.T.);
#1926=ORIENTED_EDGE('',*,*,#1925,.T.);
#1927=EDGE_LOOP('',(#1913,#1919,#1920,#1926));
#1928=FACE_BOUND('',#1927,.T.);
#1929=ADVANCED_FACE('',(#1928),#1912,.F.);
#1930=CARTESIAN_POINT('',(23.,123.,2.));
#1931=DIRECTION('',(-1.,-0.,0.));
#1932=DIRECTION('',(0.,-1.,0.));
#1933=AXIS2_PLACEMENT_3D('',#1930,#1931,#1932);
#1934=PLANE('',#1933);
#1935=ORIENTED_EDGE('',*,*,#722,.T.);
#1936=CARTESIAN_POINT('',(23.,122.,1.));
#1937=DIRECTION('',(0.,0.,1.));
#1938=VECTOR('',#1937,6.);
#1939=LINE('',#1936,#1938);
#1940=EDGE_CURVE('',#1386,#711,#1939,.T.);
#1941=ORIENTED_EDGE('',*,*,#1940,.F.);
#1942=ORIENTED_EDGE('',*,*,#1391,.F.);
#1943=ORIENTED_EDGE('',*,*,#104,.T.);
#1944=EDGE_LOOP('',(#1935,#1941,#1942,#1943));
#1945=FACE_BOUND('',#1944,.T.);
#1946=ADVANCED_FACE('',(#1945),#1934,.F.);
#1947=CARTESIAN_POINT('',(20.,122.,2.));
#1948=DIRECTION('',(0.,1.,0.));
#1949=DIRECTION('',(0.,0.,1.));
#1950=AXIS2_PLACEMENT_3D('',#1947,#1948,#1949);
#1951=PLANE('',#1950);
#1952=ORIENTED_EDGE('',*,*,#716,.T.);
#1953=ORIENTED_EDGE('',*,*,#1893,.F.);
#1954=ORIENTED_EDGE('',*,*,#1399,.F.);
#1955=ORIENTED_EDGE('',*,*,#1940,.T.);
#1956=EDGE_LOOP('',(#1952,#1953,#1954,#1955));
#1957=FACE_BOUND('',#1956,.T.);
#1958=ADVANCED_FACE('',(#1957),#1951,.F.);
#1959=CARTESIAN_POINT('',(46.903435233,92.344553234,2.));
#1960=DIRECTION('',(-0.906307787,-0.422618262,0.));
#1961=DIRECTION('',(0.422618262,-0.906307787,0.));
#1962=AXIS2_PLACEMENT_3D('',#1959,#1960,#1961);
#1963=PLANE('',#1962);
#1964=ORIENTED_EDGE('',*,*,#941,.T.);
#1965=ORIENTED_EDGE('',*,*,#1147,.F.);
#1966=CARTESIAN_POINT('',(49.544799369,86.680129565,2.));
#1967=DIRECTION('',(-0.422618262,0.906307787,0.));
#1968=VECTOR('',#1967,12.5);
#1969=LINE('',#1966,#1968);
#1970=EDGE_CURVE('',#1089,#1136,#1969,.T.);
#1971=ORIENTED_EDGE('',*,*,#1970,.F.);
#1972=ORIENTED_EDGE('',*,*,#1094,.T.);
#1973=EDGE_LOOP('',(#1964,#1965,#1971,#1972));
#1974=FACE_BOUND('',#1973,.T.);
#1975=ADVANCED_FACE('',(#1974),#1963,.F.);
#1976=CARTESIAN_POINT('',(-0.,0.,2.));
#1977=DIRECTION('',(-0.,0.,-1.));
#1978=DIRECTION('',(-1.,0.,0.));
#1979=AXIS2_PLACEMENT_3D('',#1976,#1977,#1978);
#1980=PLANE('',#1979);
#1981=ORIENTED_EDGE('',*,*,#56,.F.);
#1982=CARTESIAN_POINT('',(100.018217704,124.008495055,2.));
#1983=VERTEX_POINT('',#1982);
#1984=CARTESIAN_POINT('',(100.,124.,2.));
#1985=DIRECTION('',(0.906307787,0.422618262,0.));
#1986=VECTOR('',#1985,0.020101013);
#1987=LINE('',#1984,#1986);
#1988=EDGE_CURVE('',#43,#1983,#1987,.T.);
#1989=ORIENTED_EDGE('',*,*,#1988,.T.);
#1990=CARTESIAN_POINT('',(100.018217704,124.008495055,2.));
#1991=DIRECTION('',(0.422618262,-0.906307787,0.));
#1992=VECTOR('',#1991,0.009373256);
#1993=LINE('',#1990,#1992);
#1994=EDGE_CURVE('',#1983,#139,#1993,.T.);
#1995=ORIENTED_EDGE('',*,*,#1994,.T.);
#1996=ORIENTED_EDGE('',*,*,#1022,.T.);
#1997=ORIENTED_EDGE('',*,*,#1202,.T.);
#1998=ORIENTED_EDGE('',*,*,#1178,.F.);
#1999=ORIENTED_EDGE('',*,*,#1102,.T.);
#2000=ORIENTED_EDGE('',*,*,#1970,.T.);
#2001=ORIENTED_EDGE('',*,*,#1141,.F.);
#2002=ORIENTED_EDGE('',*,*,#1226,.T.);
#2003=EDGE_LOOP('',(#1981,#1989,#1995,#1996,#1997,#1998,#1999,#2000,#2001,#2002));
#2004=FACE_BOUND('',#2003,.T.);
#2005=ADVANCED_FACE('',(#2004),#1980,.T.);
#2006=CARTESIAN_POINT('',(98.,58.,-0.));
#2007=DIRECTION('',(0.,0.,1.));
#2008=DIRECTION('',(1.,0.,-0.));
#2009=AXIS2_PLACEMENT_3D('',#2006,#2007,#2008);
#2010=CYLINDRICAL_SURFACE('',#2009,1.);
#2011=CARTESIAN_POINT('',(99.,58.,3.));
#2012=DIRECTION('',(-0.,-0.,-1.));
#2013=VECTOR('',#2012,3.);
#2014=LINE('',#2011,#2013);
#2015=EDGE_CURVE('',#181,#888,#2014,.T.);
#2016=ORIENTED_EDGE('',*,*,#2015,.F.);
#2017=ORIENTED_EDGE('',*,*,#187,.T.);
#2018=ORIENTED_EDGE('',*,*,#2015,.T.);
#2019=ORIENTED_EDGE('',*,*,#894,.F.);
#2020=EDGE_LOOP('',(#2016,#2017,#2018,#2019));
#2021=FACE_BOUND('',#2020,.T.);
#2022=ADVANCED_FACE('',(#2021),#2010,.F.);
#2023=CARTESIAN_POINT('',(98.,56.,3.));
#2024=DIRECTION('',(-0.,-1.,0.));
#2025=DIRECTION('',(1.,-0.,0.));
#2026=AXIS2_PLACEMENT_3D('',#2023,#2024,#2025);
#2027=PLANE('',#2026);
#2028=ORIENTED_EDGE('',*,*,#1689,.F.);
#2029=ORIENTED_EDGE('',*,*,#1593,.F.);
#2030=ORIENTED_EDGE('',*,*,#433,.T.);
#2031=CARTESIAN_POINT('',(92.5,56.,3.));
#2032=DIRECTION('',(-0.,0.,-1.));
#2033=VECTOR('',#2032,2.);
#2034=LINE('',#2031,#2033);
#2035=EDGE_CURVE('',#420,#1684,#2034,.T.);
#2036=ORIENTED_EDGE('',*,*,#2035,.T.);
#2037=EDGE_LOOP('',(#2028,#2029,#2030,#2036));
#2038=FACE_BOUND('',#2037,.T.);
#2039=ADVANCED_FACE('',(#2038),#2027,.T.);
#2040=CARTESIAN_POINT('',(92.5,58.5,3.));
#2041=DIRECTION('',(-1.,0.,0.));
#2042=DIRECTION('',(0.,0.,1.));
#2043=AXIS2_PLACEMENT_3D('',#2040,#2041,#2042);
#2044=PLANE('',#2043);
#2045=ORIENTED_EDGE('',*,*,#1697,.F.);
#2046=ORIENTED_EDGE('',*,*,#2035,.F.);
#2047=ORIENTED_EDGE('',*,*,#425,.T.);
#2048=ORIENTED_EDGE('',*,*,#1753,.T.);
#2049=EDGE_LOOP('',(#2045,#2046,#2047,#2048));
#2050=FACE_BOUND('',#2049,.T.);
#2051=ADVANCED_FACE('',(#2050),#2044,.T.);
#2052=CARTESIAN_POINT('',(36.567881781,7.584774175,-104.708324081));
#2053=DIRECTION('',(0.640856382,0.298836239,-0.707106781));
#2054=DIRECTION('',(-0.759729615,0.114830387,-0.640019448));
#2055=AXIS2_PLACEMENT_3D('',#2052,#2053,#2054);
#2056=PLANE('',#2055);
#2057=ORIENTED_EDGE('',*,*,#72,.F.);
#2058=ORIENTED_EDGE('',*,*,#1218,.F.);
#2059=ORIENTED_EDGE('',*,*,#1125,.F.);
#2060=ORIENTED_EDGE('',*,*,#925,.F.);
#2061=EDGE_LOOP('',(#2057,#2058,#2059,#2060));
#2062=FACE_BOUND('',#2061,.T.);
#2063=ADVANCED_FACE('',(#2062),#2056,.T.);
#2064=CARTESIAN_POINT('',(36.567881781,7.584774175,-104.708324081));
#2065=DIRECTION('',(0.640856382,0.298836239,-0.707106781));
#2066=DIRECTION('',(-0.759729615,0.114830387,-0.640019448));
#2067=AXIS2_PLACEMENT_3D('',#2064,#2065,#2066);
#2068=PLANE('',#2067);
#2069=ORIENTED_EDGE('',*,*,#1030,.F.);
#2070=ORIENTED_EDGE('',*,*,#144,.F.);
#2071=ORIENTED_EDGE('',*,*,#1061,.F.);
#2072=CARTESIAN_POINT('',(106.,122.,6.572509186));
#2073=DIRECTION('',(-0.,-0.921118787,-0.389281621));
#2074=VECTOR('',#2073,16.883687381);
#2075=LINE('',#2072,#2074);
#2076=EDGE_CURVE('',#1047,#952,#2075,.T.);
#2077=ORIENTED_EDGE('',*,*,#2076,.T.);
#2078=ORIENTED_EDGE('',*,*,#957,.F.);
#2079=ORIENTED_EDGE('',*,*,#1085,.T.);
#2080=ORIENTED_EDGE('',*,*,#1171,.F.);
#2081=ORIENTED_EDGE('',*,*,#1194,.F.);
#2082=EDGE_LOOP('',(#2069,#2070,#2071,#2077,#2078,#2079,#2080,#2081));
#2083=FACE_BOUND('',#2082,.T.);
#2084=ADVANCED_FACE('',(#2083),#2068,.T.);
#2085=CARTESIAN_POINT('',(89.,77.5,3.));
#2086=DIRECTION('',(-1.,0.,0.));
#2087=DIRECTION('',(0.,0.,1.));
#2088=AXIS2_PLACEMENT_3D('',#2085,#2086,#2087);
#2089=PLANE('',#2088);
#2090=ORIENTED_EDGE('',*,*,#692,.F.);
#2091=CARTESIAN_POINT('',(89.,81.,7.));
#2092=DIRECTION('',(-0.,-0.,-1.));
#2093=VECTOR('',#2092,4.);
#2094=LINE('',#2091,#2093);
#2095=EDGE_CURVE('',#678,#274,#2094,.T.);
#2096=ORIENTED_EDGE('',*,*,#2095,.T.);
#2097=ORIENTED_EDGE('',*,*,#279,.T.);
#2098=CARTESIAN_POINT('',(89.,67.,3.));
#2099=DIRECTION('',(0.,0.,1.));
#2100=VECTOR('',#2099,4.);
#2101=LINE('',#2098,#2100);
#2102=EDGE_CURVE('',#266,#687,#2101,.T.);
#2103=ORIENTED_EDGE('',*,*,#2102,.T.);
#2104=EDGE_LOOP('',(#2090,#2096,#2097,#2103));
#2105=FACE_BOUND('',#2104,.T.);
#2106=ADVANCED_FACE('',(#2105),#2089,.T.);
#2107=CARTESIAN_POINT('',(53.,67.,3.));
#2108=DIRECTION('',(0.,1.,0.));
#2109=DIRECTION('',(0.,0.,1.));
#2110=AXIS2_PLACEMENT_3D('',#2107,#2108,#2109);
#2111=PLANE('',#2110);
#2112=ORIENTED_EDGE('',*,*,#700,.F.);
#2113=ORIENTED_EDGE('',*,*,#2102,.F.);
#2114=ORIENTED_EDGE('',*,*,#271,.T.);
#2115=ORIENTED_EDGE('',*,*,#1900,.T.);
#2116=EDGE_LOOP('',(#2112,#2113,#2114,#2115));
#2117=FACE_BOUND('',#2116,.T.);
#2118=ADVANCED_FACE('',(#2117),#2111,.T.);
#2119=CARTESIAN_POINT('',(42.,119.5,3.));
#2120=DIRECTION('',(-1.,-0.,0.));
#2121=DIRECTION('',(0.,-1.,0.));
#2122=AXIS2_PLACEMENT_3D('',#2119,#2120,#2121);
#2123=PLANE('',#2122);
#2124=CARTESIAN_POINT('',(42.,122.,7.));
#2125=DIRECTION('',(0.,-1.,0.));
#2126=VECTOR('',#2125,5.);
#2127=LINE('',#2124,#2126);
#2128=EDGE_CURVE('',#1354,#598,#2127,.T.);
#2129=ORIENTED_EDGE('',*,*,#2128,.F.);
#2130=ORIENTED_EDGE('',*,*,#1359,.F.);
#2131=ORIENTED_EDGE('',*,*,#231,.T.);
#2132=ORIENTED_EDGE('',*,*,#609,.T.);
#2133=EDGE_LOOP('',(#2129,#2130,#2131,#2132));
#2134=FACE_BOUND('',#2133,.T.);
#2135=ADVANCED_FACE('',(#2134),#2123,.T.);
#2136=CARTESIAN_POINT('',(104.75,77.541960108,3.));
#2137=DIRECTION('',(0.,-1.,0.));
#2138=DIRECTION('',(1.,0.,0.));
#2139=AXIS2_PLACEMENT_3D('',#2136,#2137,#2138);
#2140=PLANE('',#2139);
#2141=ORIENTED_EDGE('',*,*,#474,.F.);
#2142=CARTESIAN_POINT('',(104.5,77.541960108,3.));
#2143=DIRECTION('',(0.,0.,1.));
#2144=VECTOR('',#2143,4.);
#2145=LINE('',#2142,#2144);
#2146=EDGE_CURVE('',#460,#786,#2145,.T.);
#2147=ORIENTED_EDGE('',*,*,#2146,.T.);
#2148=ORIENTED_EDGE('',*,*,#791,.T.);
#2149=CARTESIAN_POINT('',(105.,77.541960108,7.));
#2150=DIRECTION('',(-0.,-0.,-1.));
#2151=VECTOR('',#2150,4.);
#2152=LINE('',#2149,#2151);
#2153=EDGE_CURVE('',#777,#469,#2152,.T.);
#2154=ORIENTED_EDGE('',*,*,#2153,.T.);
#2155=EDGE_LOOP('',(#2141,#2147,#2148,#2154));
#2156=FACE_BOUND('',#2155,.T.);
#2157=ADVANCED_FACE('',(#2156),#2140,.F.);
#2158=CARTESIAN_POINT('',(104.75,88.041960108,3.));
#2159=DIRECTION('',(-0.,1.,0.));
#2160=DIRECTION('',(-1.,-0.,0.));
#2161=AXIS2_PLACEMENT_3D('',#2158,#2159,#2160);
#2162=PLANE('',#2161);
#2163=CARTESIAN_POINT('',(105.,88.041960108,7.));
#2164=VERTEX_POINT('',#2163);
#2165=CARTESIAN_POINT('',(104.5,88.041960108,7.));
#2166=VERTEX_POINT('',#2165);
#2167=CARTESIAN_POINT('',(105.,88.041960108,7.));
#2168=DIRECTION('',(-1.,-0.,0.));
#2169=VECTOR('',#2168,0.5);
#2170=LINE('',#2167,#2169);
#2171=EDGE_CURVE('',#2164,#2166,#2170,.T.);
#2172=ORIENTED_EDGE('',*,*,#2171,.T.);
#2173=CARTESIAN_POINT('',(104.5,88.041960108,7.));
#2174=DIRECTION('',(-0.,-0.,-1.));
#2175=VECTOR('',#2174,4.);
#2176=LINE('',#2173,#2175);
#2177=EDGE_CURVE('',#2166,#503,#2176,.T.);
#2178=ORIENTED_EDGE('',*,*,#2177,.T.);
#2179=ORIENTED_EDGE('',*,*,#508,.F.);
#2180=CARTESIAN_POINT('',(105.,88.041960108,3.));
#2181=DIRECTION('',(0.,0.,1.));
#2182=VECTOR('',#2181,4.);
#2183=LINE('',#2180,#2182);
#2184=EDGE_CURVE('',#494,#2164,#2183,.T.);
#2185=ORIENTED_EDGE('',*,*,#2184,.T.);
#2186=EDGE_LOOP('',(#2172,#2178,#2179,#2185));
#2187=FACE_BOUND('',#2186,.T.);
#2188=ADVANCED_FACE('',(#2187),#2162,.F.);
#2189=CARTESIAN_POINT('',(106.,94.770980054,3.));
#2190=DIRECTION('',(-1.,0.,0.));
#2191=DIRECTION('',(0.,0.,1.));
#2192=AXIS2_PLACEMENT_3D('',#2189,#2190,#2191);
#2193=PLANE('',#2192);
#2194=CARTESIAN_POINT('',(106.,89.041960108,7.));
#2195=VERTEX_POINT('',#2194);
#2196=CARTESIAN_POINT('',(106.,122.,7.));
#2197=DIRECTION('',(0.,-1.,0.));
#2198=VECTOR('',#2197,32.958039892);
#2199=LINE('',#2196,#2198);
#2200=EDGE_CURVE('',#1049,#2195,#2199,.T.);
#2201=ORIENTED_EDGE('',*,*,#2200,.T.);
#2202=CARTESIAN_POINT('',(106.,89.041960108,7.));
#2203=DIRECTION('',(-0.,-0.,-1.));
#2204=VECTOR('',#2203,4.);
#2205=LINE('',#2202,#2204);
#2206=EDGE_CURVE('',#2195,#486,#2205,.T.);
#2207=ORIENTED_EDGE('',*,*,#2206,.T.);
#2208=ORIENTED_EDGE('',*,*,#491,.F.);
#2209=CARTESIAN_POINT('',(106.,76.541960108,3.));
#2210=DIRECTION('',(0.,0.,1.));
#2211=VECTOR('',#2210,4.);
#2212=LINE('',#2209,#2211);
#2213=EDGE_CURVE('',#477,#769,#2212,.T.);
#2214=ORIENTED_EDGE('',*,*,#2213,.T.);
#2215=ORIENTED_EDGE('',*,*,#774,.F.);
#2216=ORIENTED_EDGE('',*,*,#1853,.T.);
#2217=ORIENTED_EDGE('',*,*,#965,.T.);
#2218=ORIENTED_EDGE('',*,*,#2076,.F.);
#2219=ORIENTED_EDGE('',*,*,#1054,.T.);
#2220=EDGE_LOOP('',(#2201,#2207,#2208,#2214,#2215,#2216,#2217,#2218,#2219));
#2221=FACE_BOUND('',#2220,.T.);
#2222=ADVANCED_FACE('',(#2221),#2193,.F.);
#2223=CARTESIAN_POINT('',(0.,0.,7.));
#2224=DIRECTION('',(0.,0.,1.));
#2225=DIRECTION('',(1.,0.,0.));
#2226=AXIS2_PLACEMENT_3D('',#2223,#2224,#2225);
#2227=PLANE('',#2226);
#2228=ORIENTED_EDGE('',*,*,#639,.T.);
#2229=CARTESIAN_POINT('',(104.5,89.041960108,7.));
#2230=DIRECTION('',(0.,0.,1.));
#2231=DIRECTION('',(1.,0.,-0.));
#2232=AXIS2_PLACEMENT_3D('',#2229,#2230,#2231);
#2233=CIRCLE('',#2232,1.);
#2234=EDGE_CURVE('',#628,#2166,#2233,.T.);
#2235=ORIENTED_EDGE('',*,*,#2234,.T.);
#2236=ORIENTED_EDGE('',*,*,#2171,.F.);
#2237=CARTESIAN_POINT('',(105.,89.041960108,7.));
#2238=DIRECTION('',(0.,0.,1.));
#2239=DIRECTION('',(1.,0.,-0.));
#2240=AXIS2_PLACEMENT_3D('',#2237,#2238,#2239);
#2241=CIRCLE('',#2240,1.);
#2242=EDGE_CURVE('',#2164,#2195,#2241,.T.);
#2243=ORIENTED_EDGE('',*,*,#2242,.T.);
#2244=ORIENTED_EDGE('',*,*,#2200,.F.);
#2245=ORIENTED_EDGE('',*,*,#1069,.T.);
#2246=ORIENTED_EDGE('',*,*,#128,.T.);
#2247=ORIENTED_EDGE('',*,*,#1326,.T.);
#2248=ORIENTED_EDGE('',*,*,#1365,.T.);
#2249=ORIENTED_EDGE('',*,*,#2128,.T.);
#2250=ORIENTED_EDGE('',*,*,#603,.T.);
#2251=EDGE_LOOP('',(#2228,#2235,#2236,#2243,#2244,#2245,#2246,#2247,#2248,#2249,#2250));
#2252=FACE_BOUND('',#2251,.T.);
#2253=ADVANCED_FACE('',(#2252),#2227,.T.);
#2254=CARTESIAN_POINT('',(91.5,81.,2.));
#2255=DIRECTION('',(0.,0.,1.));
#2256=DIRECTION('',(1.,0.,-0.));
#2257=AXIS2_PLACEMENT_3D('',#2254,#2255,#2256);
#2258=CYLINDRICAL_SURFACE('',#2257,1.);
#2259=ORIENTED_EDGE('',*,*,#667,.F.);
#2260=ORIENTED_EDGE('',*,*,#1241,.F.);
#2261=ORIENTED_EDGE('',*,*,#305,.F.);
#2262=ORIENTED_EDGE('',*,*,#1918,.F.);
#2263=EDGE_LOOP('',(#2259,#2260,#2261,#2262));
#2264=FACE_BOUND('',#2263,.T.);
#2265=ADVANCED_FACE('',(#2264),#2258,.T.);
#2266=CARTESIAN_POINT('',(104.5,76.541960108,3.));
#2267=DIRECTION('',(-0.,-0.,-1.));
#2268=DIRECTION('',(-1.,0.,0.));
#2269=AXIS2_PLACEMENT_3D('',#2266,#2267,#2268);
#2270=CYLINDRICAL_SURFACE('',#2269,1.);
#2271=ORIENTED_EDGE('',*,*,#466,.F.);
#2272=ORIENTED_EDGE('',*,*,#1263,.F.);
#2273=ORIENTED_EDGE('',*,*,#800,.F.);
#2274=ORIENTED_EDGE('',*,*,#2146,.F.);
#2275=EDGE_LOOP('',(#2271,#2272,#2273,#2274));
#2276=FACE_BOUND('',#2275,.T.);
#2277=ADVANCED_FACE('',(#2276),#2270,.T.);
#2278=CARTESIAN_POINT('',(104.5,89.041960108,3.));
#2279=DIRECTION('',(0.,0.,-1.));
#2280=DIRECTION('',(-1.,0.,0.));
#2281=AXIS2_PLACEMENT_3D('',#2278,#2279,#2280);
#2282=CYLINDRICAL_SURFACE('',#2281,1.);
#2283=ORIENTED_EDGE('',*,*,#517,.F.);
#2284=ORIENTED_EDGE('',*,*,#2177,.F.);
#2285=ORIENTED_EDGE('',*,*,#2234,.F.);
#2286=ORIENTED_EDGE('',*,*,#633,.F.);
#2287=EDGE_LOOP('',(#2283,#2284,#2285,#2286));
#2288=FACE_BOUND('',#2287,.T.);
#2289=ADVANCED_FACE('',(#2288),#2282,.T.);
#2290=CARTESIAN_POINT('',(90.,81.,2.));
#2291=DIRECTION('',(0.,0.,-1.));
#2292=DIRECTION('',(-1.,0.,0.));
#2293=AXIS2_PLACEMENT_3D('',#2290,#2291,#2292);
#2294=CYLINDRICAL_SURFACE('',#2293,1.);
#2295=ORIENTED_EDGE('',*,*,#288,.F.);
#2296=ORIENTED_EDGE('',*,*,#2095,.F.);
#2297=ORIENTED_EDGE('',*,*,#684,.F.);
#2298=ORIENTED_EDGE('',*,*,#1925,.F.);
#2299=EDGE_LOOP('',(#2295,#2296,#2297,#2298));
#2300=FACE_BOUND('',#2299,.T.);
#2301=ADVANCED_FACE('',(#2300),#2294,.T.);
#2302=CARTESIAN_POINT('',(105.,89.041960108,3.));
#2303=DIRECTION('',(0.,0.,1.));
#2304=DIRECTION('',(1.,0.,-0.));
#2305=AXIS2_PLACEMENT_3D('',#2302,#2303,#2304);
#2306=CYLINDRICAL_SURFACE('',#2305,1.);
#2307=ORIENTED_EDGE('',*,*,#500,.F.);
#2308=ORIENTED_EDGE('',*,*,#2206,.F.);
#2309=ORIENTED_EDGE('',*,*,#2242,.F.);
#2310=ORIENTED_EDGE('',*,*,#2184,.F.);
#2311=EDGE_LOOP('',(#2307,#2308,#2309,#2310));
#2312=FACE_BOUND('',#2311,.T.);
#2313=ADVANCED_FACE('',(#2312),#2306,.T.);
#2314=CARTESIAN_POINT('',(105.,76.541960108,3.));
#2315=DIRECTION('',(0.,0.,1.));
#2316=DIRECTION('',(1.,0.,-0.));
#2317=AXIS2_PLACEMENT_3D('',#2314,#2315,#2316);
#2318=CYLINDRICAL_SURFACE('',#2317,1.);
#2319=ORIENTED_EDGE('',*,*,#483,.F.);
#2320=ORIENTED_EDGE('',*,*,#2153,.F.);
#2321=ORIENTED_EDGE('',*,*,#783,.F.);
#2322=ORIENTED_EDGE('',*,*,#2213,.F.);
#2323=EDGE_LOOP('',(#2319,#2320,#2321,#2322));
#2324=FACE_BOUND('',#2323,.T.);
#2325=ADVANCED_FACE('',(#2324),#2318,.T.);
#2326=CARTESIAN_POINT('',(102.65958184,118.344071386,2.));
#2327=DIRECTION('',(-0.906307787,-0.422618262,0.));
#2328=DIRECTION('',(0.422618262,-0.906307787,0.));
#2329=AXIS2_PLACEMENT_3D('',#2326,#2327,#2328);
#2330=PLANE('',#2329);
#2331=ORIENTED_EDGE('',*,*,#150,.F.);
#2332=ORIENTED_EDGE('',*,*,#1994,.F.);
#2333=CARTESIAN_POINT('',(100.018217704,124.008495055,5.));
#2334=VERTEX_POINT('',#2333);
#2335=CARTESIAN_POINT('',(100.018217704,124.008495055,2.));
#2336=DIRECTION('',(0.,0.,1.));
#2337=VECTOR('',#2336,3.);
#2338=LINE('',#2335,#2337);
#2339=EDGE_CURVE('',#1983,#2334,#2338,.T.);
#2340=ORIENTED_EDGE('',*,*,#2339,.T.);
#2341=CARTESIAN_POINT('',(100.018217704,124.008495055,5.));
#2342=DIRECTION('',(0.422618262,-0.906307787,0.));
#2343=VECTOR('',#2342,0.009373256);
#2344=LINE('',#2341,#2343);
#2345=EDGE_CURVE('',#2334,#33,#2344,.T.);
#2346=ORIENTED_EDGE('',*,*,#2345,.T.);
#2347=EDGE_LOOP('',(#2331,#2332,#2340,#2346));
#2348=FACE_BOUND('',#2347,.T.);
#2349=ADVANCED_FACE('',(#2348),#2330,.F.);
#2350=CARTESIAN_POINT('',(0.,0.,5.));
#2351=DIRECTION('',(0.,0.,-1.));
#2352=DIRECTION('',(-1.,0.,0.));
#2353=AXIS2_PLACEMENT_3D('',#2350,#2351,#2352);
#2354=PLANE('',#2353);
#2355=ORIENTED_EDGE('',*,*,#40,.F.);
#2356=ORIENTED_EDGE('',*,*,#2345,.F.);
#2357=CARTESIAN_POINT('',(100.,124.,5.));
#2358=DIRECTION('',(0.906307787,0.422618262,0.));
#2359=VECTOR('',#2358,0.020101013);
#2360=LINE('',#2357,#2359);
#2361=EDGE_CURVE('',#35,#2334,#2360,.T.);
#2362=ORIENTED_EDGE('',*,*,#2361,.F.);
#2363=EDGE_LOOP('',(#2355,#2356,#2362));
#2364=FACE_BOUND('',#2363,.T.);
#2365=ADVANCED_FACE('',(#2364),#2354,.F.);
#2366=CARTESIAN_POINT('',(71.233836614,110.586117717,2.));
#2367=DIRECTION('',(0.422618262,-0.906307787,0.));
#2368=DIRECTION('',(0.906307787,0.422618262,0.));
#2369=AXIS2_PLACEMENT_3D('',#2366,#2367,#2368);
#2370=PLANE('',#2369);
#2371=ORIENTED_EDGE('',*,*,#48,.F.);
#2372=ORIENTED_EDGE('',*,*,#2361,.T.);
#2373=ORIENTED_EDGE('',*,*,#2339,.F.);
#2374=ORIENTED_EDGE('',*,*,#1988,.F.);
#2375=EDGE_LOOP('',(#2371,#2372,#2373,#2374));
#2376=FACE_BOUND('',#2375,.T.);
#2377=ADVANCED_FACE('',(#2376),#2370,.F.);
#2378=CARTESIAN_POINT('',(78.207037932,95.632039231,3.));
#2379=DIRECTION('',(-0.298836239,0.640856382,-0.707106781));
#2380=DIRECTION('',(-0.906307787,-0.422618262,0.));
#2381=AXIS2_PLACEMENT_3D('',#2378,#2379,#2380);
#2382=PLANE('',#2381);
#2383=ORIENTED_EDGE('',*,*,#624,.F.);
#2384=ORIENTED_EDGE('',*,*,#565,.F.);
#2385=CARTESIAN_POINT('',(47.610041268,81.36442537,3.));
#2386=DIRECTION('',(0.279258278,0.767255812,0.577350269));
#2387=VECTOR('',#2386,3.464101615);
#2388=LINE('',#2385,#2387);
#2389=EDGE_CURVE('',#192,#552,#2388,.T.);
#2390=ORIENTED_EDGE('',*,*,#2389,.F.);
#2391=ORIENTED_EDGE('',*,*,#199,.T.);
#2392=EDGE_LOOP('',(#2383,#2384,#2390,#2391));
#2393=FACE_BOUND('',#2392,.T.);
#2394=ADVANCED_FACE('',(#2393),#2382,.F.);
#2395=CARTESIAN_POINT('',(43.278204085,90.654080187,3.));
#2396=DIRECTION('',(0.640856382,0.298836239,-0.707106781));
#2397=DIRECTION('',(-0.422618262,0.906307787,0.));
#2398=AXIS2_PLACEMENT_3D('',#2395,#2396,#2397);
#2399=PLANE('',#2398);
#2400=ORIENTED_EDGE('',*,*,#2389,.T.);
#2401=ORIENTED_EDGE('',*,*,#557,.F.);
#2402=CARTESIAN_POINT('',(38.946366902,99.943735004,3.));
#2403=DIRECTION('',(0.767255812,-0.279258278,0.577350269));
#2404=VECTOR('',#2403,3.464101615);
#2405=LINE('',#2402,#2404);
#2406=EDGE_CURVE('',#202,#544,#2405,.T.);
#2407=ORIENTED_EDGE('',*,*,#2406,.F.);
#2408=ORIENTED_EDGE('',*,*,#207,.T.);
#2409=EDGE_LOOP('',(#2400,#2401,#2407,#2408));
#2410=FACE_BOUND('',#2409,.T.);
#2411=ADVANCED_FACE('',(#2410),#2399,.F.);
#2412=CARTESIAN_POINT('',(69.543363567,114.211348865,3.));
#2413=DIRECTION('',(0.298836239,-0.640856382,-0.707106781));
#2414=DIRECTION('',(0.906307787,0.422618262,-0.));
#2415=AXIS2_PLACEMENT_3D('',#2412,#2413,#2414);
#2416=PLANE('',#2415);
#2417=ORIENTED_EDGE('',*,*,#2406,.T.);
#2418=ORIENTED_EDGE('',*,*,#549,.F.);
#2419=ORIENTED_EDGE('',*,*,#586,.F.);
#2420=ORIENTED_EDGE('',*,*,#215,.T.);
#2421=EDGE_LOOP('',(#2417,#2418,#2419,#2420));
#2422=FACE_BOUND('',#2421,.T.);
#2423=ADVANCED_FACE('',(#2422),#2416,.F.);
#2424=CLOSED_SHELL('',(#154,#527,#575,#613,#644,#850,#881,#1010,#1040,#1073,#1112,#1151,#1182,#1206,#1230,#1252,#1290,#1314,#1345,#1376,#1411,#1433,#1450,#1467,#1479,#1501,
#1527,#1549,#1580,#1611,#1635,#1652,#1676,#1743,#1765,#1777,#1794,#1811,#1823,#1842,#1859,#1871,#1883,#1907,#1929,#1946,#1958,#1975,#2005,#2022,#2039,
#2051,#2063,#2084,#2106,#2118,#2135,#2157,#2188,#2222,#2253,#2265,#2277,#2289,#2301,#2313,#2325,#2349,#2365,#2377,#2394,#2411,#2423));
#2425=MANIFOLD_SOLID_BREP('Body 06',#2424);
#2426=COLOUR_RGB('',0.494117647,0.494117647,0.525490224);
#2427=FILL_AREA_STYLE_COLOUR('',#2426);
#2428=FILL_AREA_STYLE('',(#2427));
#2429=SURFACE_STYLE_FILL_AREA(#2428);
#2430=SURFACE_SIDE_STYLE('',(#2429));
#2431=SURFACE_STYLE_USAGE(.BOTH.,#2430);
#2432=PRESENTATION_STYLE_ASSIGNMENT((#2431));
#26=STYLED_ITEM('',(#2432),#2425);
#2434=CARTESIAN_POINT('',(134.,101.5,4.));
#2435=DIRECTION('',(0.,-1.,0.));
#2436=DIRECTION('',(0.,0.,-1.));
#2437=AXIS2_PLACEMENT_3D('',#2434,#2435,#2436);
#2438=PLANE('',#2437);
#2439=CARTESIAN_POINT('',(110.,101.5,3.));
#2440=VERTEX_POINT('',#2439);
#2441=CARTESIAN_POINT('',(125.209079589,101.5,3.));
#2442=VERTEX_POINT('',#2441);
#2443=CARTESIAN_POINT('',(110.,101.5,3.));
#2444=DIRECTION('',(1.,0.,-0.));
#2445=VECTOR('',#2444,15.209079589);
#2446=LINE('',#2443,#2445);
#2447=EDGE_CURVE('',#2440,#2442,#2446,.T.);
#2448=ORIENTED_EDGE('',*,*,#2447,.T.);
#2449=CARTESIAN_POINT('',(127.,101.5,3.756875671));
#2450=VERTEX_POINT('',#2449);
#2451=CARTESIAN_POINT('',(125.209079589,101.5,3.));
#2452=DIRECTION('',(0.921118787,-0.,0.389281621));
#2453=VECTOR('',#2452,1.944288224);
#2454=LINE('',#2451,#2453);
#2455=EDGE_CURVE('',#2442,#2450,#2454,.T.);
#2456=ORIENTED_EDGE('',*,*,#2455,.T.);
#2457=CARTESIAN_POINT('',(127.,101.5,7.));
#2458=VERTEX_POINT('',#2457);
#2459=CARTESIAN_POINT('',(127.,101.5,3.756875671));
#2460=DIRECTION('',(0.,0.,1.));
#2461=VECTOR('',#2460,3.243124329);
#2462=LINE('',#2459,#2461);
#2463=EDGE_CURVE('',#2450,#2458,#2462,.T.);
#2464=ORIENTED_EDGE('',*,*,#2463,.T.);
#2465=CARTESIAN_POINT('',(110.,101.5,7.));
#2466=VERTEX_POINT('',#2465);
#2467=CARTESIAN_POINT('',(110.,101.5,7.));
#2468=DIRECTION('',(1.,0.,-0.));
#2469=VECTOR('',#2468,17.);
#2470=LINE('',#2467,#2469);
#2471=EDGE_CURVE('',#2466,#2458,#2470,.T.);
#2472=ORIENTED_EDGE('',*,*,#2471,.F.);
#2473=CARTESIAN_POINT('',(110.,101.5,3.));
#2474=DIRECTION('',(0.,0.,1.));
#2475=VECTOR('',#2474,4.);
#2476=LINE('',#2473,#2475);
#2477=EDGE_CURVE('',#2440,#2466,#2476,.T.);
#2478=ORIENTED_EDGE('',*,*,#2477,.F.);
#2479=EDGE_LOOP('',(#2448,#2456,#2464,#2472,#2478));
#2480=FACE_BOUND('',#2479,.T.);
#2481=ADVANCED_FACE('',(#2480),#2438,.T.);
#2482=CARTESIAN_POINT('',(213.,3.,3.));
#2483=DIRECTION('',(-0.,0.,-1.));
#2484=DIRECTION('',(-1.,0.,0.));
#2485=AXIS2_PLACEMENT_3D('',#2482,#2483,#2484);
#2486=PLANE('',#2485);
#2487=CARTESIAN_POINT('',(119.,58.,3.));
#2488=VERTEX_POINT('',#2487);
#2489=CARTESIAN_POINT('',(118.,58.,3.));
#2490=DIRECTION('',(0.,0.,1.));
#2491=DIRECTION('',(1.,0.,-0.));
#2492=AXIS2_PLACEMENT_3D('',#2489,#2490,#2491);
#2493=CIRCLE('',#2492,1.);
#2494=EDGE_CURVE('',#2488,#2488,#2493,.T.);
#2495=ORIENTED_EDGE('',*,*,#2494,.F.);
#2496=EDGE_LOOP('',(#2495));
#2497=FACE_BOUND('',#2496,.T.);
#2498=CARTESIAN_POINT('',(207.,56.,3.));
#2499=VERTEX_POINT('',#2498);
#2500=CARTESIAN_POINT('',(209.,56.,3.));
#2501=VERTEX_POINT('',#2500);
#2502=CARTESIAN_POINT('',(208.,56.,3.));
#2503=DIRECTION('',(-0.,0.,-1.));
#2504=DIRECTION('',(-1.,0.,0.));
#2505=AXIS2_PLACEMENT_3D('',#2502,#2503,#2504);
#2506=CIRCLE('',#2505,1.);
#2507=EDGE_CURVE('',#2499,#2501,#2506,.T.);
#2508=ORIENTED_EDGE('',*,*,#2507,.T.);
#2509=CARTESIAN_POINT('',(208.,56.,3.));
#2510=DIRECTION('',(-0.,0.,-1.));
#2511=DIRECTION('',(-1.,0.,0.));
#2512=AXIS2_PLACEMENT_3D('',#2509,#2510,#2511);
#2513=CIRCLE('',#2512,1.);
#2514=EDGE_CURVE('',#2501,#2499,#2513,.T.);
#2515=ORIENTED_EDGE('',*,*,#2514,.T.);
#2516=EDGE_LOOP('',(#2508,#2515));
#2517=FACE_BOUND('',#2516,.T.);
#2518=CARTESIAN_POINT('',(168.389958732,81.36442537,3.));
#2519=VERTEX_POINT('',#2518);
#2520=CARTESIAN_POINT('',(125.209079589,101.5,3.));
#2521=DIRECTION('',(0.906307787,-0.422618262,-0.));
#2522=VECTOR('',#2521,47.644828567);
#2523=LINE('',#2520,#2522);
#2524=EDGE_CURVE('',#2442,#2519,#2523,.T.);
#2525=ORIENTED_EDGE('',*,*,#2524,.F.);
#2526=ORIENTED_EDGE('',*,*,#2447,.F.);
#2527=CARTESIAN_POINT('',(110.,91.,3.));
#2528=VERTEX_POINT('',#2527);
#2529=CARTESIAN_POINT('',(110.,101.5,3.));
#2530=DIRECTION('',(0.,-1.,0.));
#2531=VECTOR('',#2530,10.5);
#2532=LINE('',#2529,#2531);
#2533=EDGE_CURVE('',#2440,#2528,#2532,.T.);
#2534=ORIENTED_EDGE('',*,*,#2533,.T.);
#2535=CARTESIAN_POINT('',(112.5,91.,3.));
#2536=VERTEX_POINT('',#2535);
#2537=CARTESIAN_POINT('',(110.,91.,3.));
#2538=DIRECTION('',(1.,0.,-0.));
#2539=VECTOR('',#2538,2.5);
#2540=LINE('',#2537,#2539);
#2541=EDGE_CURVE('',#2528,#2536,#2540,.T.);
#2542=ORIENTED_EDGE('',*,*,#2541,.T.);
#2543=CARTESIAN_POINT('',(112.5,11.,3.));
#2544=VERTEX_POINT('',#2543);
#2545=CARTESIAN_POINT('',(112.5,11.,3.));
#2546=DIRECTION('',(0.,1.,0.));
#2547=VECTOR('',#2546,80.);
#2548=LINE('',#2545,#2547);
#2549=EDGE_CURVE('',#2544,#2536,#2548,.T.);
#2550=ORIENTED_EDGE('',*,*,#2549,.F.);
#2551=CARTESIAN_POINT('',(113.,11.,3.));
#2552=VERTEX_POINT('',#2551);
#2553=CARTESIAN_POINT('',(112.5,11.,3.));
#2554=DIRECTION('',(1.,0.,-0.));
#2555=VECTOR('',#2554,0.5);
#2556=LINE('',#2553,#2555);
#2557=EDGE_CURVE('',#2544,#2552,#2556,.T.);
#2558=ORIENTED_EDGE('',*,*,#2557,.T.);
#2559=CARTESIAN_POINT('',(113.,56.,3.));
#2560=VERTEX_POINT('',#2559);
#2561=CARTESIAN_POINT('',(113.,11.,3.));
#2562=DIRECTION('',(0.,1.,0.));
#2563=VECTOR('',#2562,45.);
#2564=LINE('',#2561,#2563);
#2565=EDGE_CURVE('',#2552,#2560,#2564,.T.);
#2566=ORIENTED_EDGE('',*,*,#2565,.T.);
#2567=CARTESIAN_POINT('',(123.5,56.,3.));
#2568=VERTEX_POINT('',#2567);
#2569=CARTESIAN_POINT('',(113.,56.,3.));
#2570=DIRECTION('',(1.,0.,-0.));
#2571=VECTOR('',#2570,10.5);
#2572=LINE('',#2569,#2571);
#2573=EDGE_CURVE('',#2560,#2568,#2572,.T.);
#2574=ORIENTED_EDGE('',*,*,#2573,.T.);
#2575=CARTESIAN_POINT('',(123.5,61.,3.));
#2576=VERTEX_POINT('',#2575);
#2577=CARTESIAN_POINT('',(123.5,56.,3.));
#2578=DIRECTION('',(0.,1.,-0.));
#2579=VECTOR('',#2578,5.);
#2580=LINE('',#2577,#2579);
#2581=EDGE_CURVE('',#2568,#2576,#2580,.T.);
#2582=ORIENTED_EDGE('',*,*,#2581,.T.);
#2583=CARTESIAN_POINT('',(153.,61.,3.));
#2584=VERTEX_POINT('',#2583);
#2585=CARTESIAN_POINT('',(123.5,61.,3.));
#2586=DIRECTION('',(1.,0.,-0.));
#2587=VECTOR('',#2586,29.5);
#2588=LINE('',#2585,#2587);
#2589=EDGE_CURVE('',#2576,#2584,#2588,.T.);
#2590=ORIENTED_EDGE('',*,*,#2589,.T.);
#2591=CARTESIAN_POINT('',(153.,63.,3.));
#2592=VERTEX_POINT('',#2591);
#2593=CARTESIAN_POINT('',(153.,61.,3.));
#2594=DIRECTION('',(0.,1.,0.));
#2595=VECTOR('',#2594,2.);
#2596=LINE('',#2593,#2595);
#2597=EDGE_CURVE('',#2584,#2592,#2596,.T.);
#2598=ORIENTED_EDGE('',*,*,#2597,.T.);
#2599=CARTESIAN_POINT('',(173.,63.,3.));
#2600=VERTEX_POINT('',#2599);
#2601=CARTESIAN_POINT('',(153.,63.,3.));
#2602=DIRECTION('',(1.,0.,-0.));
#2603=VECTOR('',#2602,20.);
#2604=LINE('',#2601,#2603);
#2605=EDGE_CURVE('',#2592,#2600,#2604,.T.);
#2606=ORIENTED_EDGE('',*,*,#2605,.T.);
#2607=CARTESIAN_POINT('',(173.,61.,3.));
#2608=VERTEX_POINT('',#2607);
#2609=CARTESIAN_POINT('',(173.,63.,3.));
#2610=DIRECTION('',(0.,-1.,0.));
#2611=VECTOR('',#2610,2.);
#2612=LINE('',#2609,#2611);
#2613=EDGE_CURVE('',#2600,#2608,#2612,.T.);
#2614=ORIENTED_EDGE('',*,*,#2613,.T.);
#2615=CARTESIAN_POINT('',(205.,61.,3.));
#2616=VERTEX_POINT('',#2615);
#2617=CARTESIAN_POINT('',(173.,61.,3.));
#2618=DIRECTION('',(1.,-0.,-0.));
#2619=VECTOR('',#2618,32.);
#2620=LINE('',#2617,#2619);
#2621=EDGE_CURVE('',#2608,#2616,#2620,.T.);
#2622=ORIENTED_EDGE('',*,*,#2621,.T.);
#2623=CARTESIAN_POINT('',(205.,11.,3.));
#2624=VERTEX_POINT('',#2623);
#2625=CARTESIAN_POINT('',(205.,61.,3.));
#2626=DIRECTION('',(-0.,-1.,0.));
#2627=VECTOR('',#2626,50.);
#2628=LINE('',#2625,#2627);
#2629=EDGE_CURVE('',#2616,#2624,#2628,.T.);
#2630=ORIENTED_EDGE('',*,*,#2629,.T.);
#2631=CARTESIAN_POINT('',(117.,11.,3.));
#2632=VERTEX_POINT('',#2631);
#2633=CARTESIAN_POINT('',(117.,11.,3.));
#2634=DIRECTION('',(1.,0.,-0.));
#2635=VECTOR('',#2634,88.);
#2636=LINE('',#2633,#2635);
#2637=EDGE_CURVE('',#2632,#2624,#2636,.T.);
#2638=ORIENTED_EDGE('',*,*,#2637,.F.);
#2639=CARTESIAN_POINT('',(117.,2.5,3.));
#2640=VERTEX_POINT('',#2639);
#2641=CARTESIAN_POINT('',(117.,11.,3.));
#2642=DIRECTION('',(0.,-1.,0.));
#2643=VECTOR('',#2642,8.5);
#2644=LINE('',#2641,#2643);
#2645=EDGE_CURVE('',#2632,#2640,#2644,.T.);
#2646=ORIENTED_EDGE('',*,*,#2645,.T.);
#2647=CARTESIAN_POINT('',(213.5,2.5,3.));
#2648=VERTEX_POINT('',#2647);
#2649=CARTESIAN_POINT('',(213.5,2.5,3.));
#2650=DIRECTION('',(-1.,0.,0.));
#2651=VECTOR('',#2650,96.5);
#2652=LINE('',#2649,#2651);
#2653=EDGE_CURVE('',#2648,#2640,#2652,.T.);
#2654=ORIENTED_EDGE('',*,*,#2653,.F.);
#2655=CARTESIAN_POINT('',(213.5,103.5,3.));
#2656=VERTEX_POINT('',#2655);
#2657=CARTESIAN_POINT('',(213.5,103.5,3.));
#2658=DIRECTION('',(0.,-1.,0.));
#2659=VECTOR('',#2658,101.);
#2660=LINE('',#2657,#2659);
#2661=EDGE_CURVE('',#2656,#2648,#2660,.T.);
#2662=ORIENTED_EDGE('',*,*,#2661,.F.);
#2663=CARTESIAN_POINT('',(202.5,103.5,3.));
#2664=VERTEX_POINT('',#2663);
#2665=CARTESIAN_POINT('',(202.5,103.5,3.));
#2666=DIRECTION('',(1.,0.,-0.));
#2667=VECTOR('',#2666,11.);
#2668=LINE('',#2665,#2667);
#2669=EDGE_CURVE('',#2664,#2656,#2668,.T.);
#2670=ORIENTED_EDGE('',*,*,#2669,.F.);
#2671=CARTESIAN_POINT('',(202.5,63.5,3.));
#2672=VERTEX_POINT('',#2671);
#2673=CARTESIAN_POINT('',(202.5,63.5,3.));
#2674=DIRECTION('',(0.,1.,0.));
#2675=VECTOR('',#2674,40.);
#2676=LINE('',#2673,#2675);
#2677=EDGE_CURVE('',#2672,#2664,#2676,.T.);
#2678=ORIENTED_EDGE('',*,*,#2677,.F.);
#2679=CARTESIAN_POINT('',(123.5,63.5,3.));
#2680=VERTEX_POINT('',#2679);
#2681=CARTESIAN_POINT('',(123.5,63.5,3.));
#2682=DIRECTION('',(1.,0.,-0.));
#2683=VECTOR('',#2682,79.);
#2684=LINE('',#2681,#2683);
#2685=EDGE_CURVE('',#2680,#2672,#2684,.T.);
#2686=ORIENTED_EDGE('',*,*,#2685,.F.);
#2687=CARTESIAN_POINT('',(123.5,91.,3.));
#2688=VERTEX_POINT('',#2687);
#2689=CARTESIAN_POINT('',(123.5,91.,3.));
#2690=DIRECTION('',(0.,-1.,-0.));
#2691=VECTOR('',#2690,27.5);
#2692=LINE('',#2689,#2691);
#2693=EDGE_CURVE('',#2688,#2680,#2692,.T.);
#2694=ORIENTED_EDGE('',*,*,#2693,.F.);
#2695=CARTESIAN_POINT('',(127.,91.,3.));
#2696=VERTEX_POINT('',#2695);
#2697=CARTESIAN_POINT('',(123.5,91.,3.));
#2698=DIRECTION('',(1.,0.,-0.));
#2699=VECTOR('',#2698,3.5);
#2700=LINE('',#2697,#2699);
#2701=EDGE_CURVE('',#2688,#2696,#2700,.T.);
#2702=ORIENTED_EDGE('',*,*,#2701,.T.);
#2703=CARTESIAN_POINT('',(127.,67.,3.));
#2704=VERTEX_POINT('',#2703);
#2705=CARTESIAN_POINT('',(127.,67.,3.));
#2706=DIRECTION('',(0.,1.,0.));
#2707=VECTOR('',#2706,24.);
#2708=LINE('',#2705,#2707);
#2709=EDGE_CURVE('',#2704,#2696,#2708,.T.);
#2710=ORIENTED_EDGE('',*,*,#2709,.F.);
#2711=CARTESIAN_POINT('',(199.,67.,3.));
#2712=VERTEX_POINT('',#2711);
#2713=CARTESIAN_POINT('',(199.,67.,3.));
#2714=DIRECTION('',(-1.,0.,0.));
#2715=VECTOR('',#2714,72.);
#2716=LINE('',#2713,#2715);
#2717=EDGE_CURVE('',#2712,#2704,#2716,.T.);
#2718=ORIENTED_EDGE('',*,*,#2717,.F.);
#2719=CARTESIAN_POINT('',(199.,117.,3.));
#2720=VERTEX_POINT('',#2719);
#2721=CARTESIAN_POINT('',(199.,117.,3.));
#2722=DIRECTION('',(0.,-1.,0.));
#2723=VECTOR('',#2722,50.);
#2724=LINE('',#2721,#2723);
#2725=EDGE_CURVE('',#2720,#2712,#2724,.T.);
#2726=ORIENTED_EDGE('',*,*,#2725,.F.);
#2727=CARTESIAN_POINT('',(140.476354776,117.,3.));
#2728=VERTEX_POINT('',#2727);
#2729=CARTESIAN_POINT('',(140.476354776,117.,3.));
#2730=DIRECTION('',(1.,0.,0.));
#2731=VECTOR('',#2730,58.523645224);
#2732=LINE('',#2729,#2731);
#2733=EDGE_CURVE('',#2728,#2720,#2732,.T.);
#2734=ORIENTED_EDGE('',*,*,#2733,.F.);
#2735=CARTESIAN_POINT('',(177.053633098,99.943735004,3.));
#2736=VERTEX_POINT('',#2735);
#2737=CARTESIAN_POINT('',(177.053633098,99.943735004,3.));
#2738=DIRECTION('',(-0.906307787,0.422618262,0.));
#2739=VECTOR('',#2738,40.358561236);
#2740=LINE('',#2737,#2739);
#2741=EDGE_CURVE('',#2736,#2728,#2740,.T.);
#2742=ORIENTED_EDGE('',*,*,#2741,.F.);
#2743=CARTESIAN_POINT('',(168.389958732,81.36442537,3.));
#2744=DIRECTION('',(0.422618262,0.906307787,-0.));
#2745=VECTOR('',#2744,20.5);
#2746=LINE('',#2743,#2745);
#2747=EDGE_CURVE('',#2519,#2736,#2746,.T.);
#2748=ORIENTED_EDGE('',*,*,#2747,.F.);
#2749=EDGE_LOOP('',(#2525,#2526,#2534,#2542,#2550,#2558,#2566,#2574,#2582,#2590,#2598,#2606,#2614,#2622,#2630,#2638,#2646,#2654,#2662,#2670,#2678,#2686,#2694,#2702,#2710,#2718,
#2726,#2734,#2742,#2748));
#2750=FACE_BOUND('',#2749,.T.);
#2751=ADVANCED_FACE('',(#2497,#2517,#2750),#2486,.F.);
#2752=CARTESIAN_POINT('',(163.,117.,3.));
#2753=DIRECTION('',(0.,-1.,0.));
#2754=DIRECTION('',(1.,0.,0.));
#2755=AXIS2_PLACEMENT_3D('',#2752,#2753,#2754);
#2756=PLANE('',#2755);
#2757=CARTESIAN_POINT('',(127.,117.,5.));
#2758=VERTEX_POINT('',#2757);
#2759=CARTESIAN_POINT('',(135.74395161,117.,5.));
#2760=VERTEX_POINT('',#2759);
#2761=CARTESIAN_POINT('',(127.,117.,5.));
#2762=DIRECTION('',(1.,0.,0.));
#2763=VECTOR('',#2762,8.74395161);
#2764=LINE('',#2761,#2763);
#2765=EDGE_CURVE('',#2758,#2760,#2764,.T.);
#2766=ORIENTED_EDGE('',*,*,#2765,.T.);
#2767=CARTESIAN_POINT('',(135.74395161,117.,5.));
#2768=DIRECTION('',(0.921118787,0.,-0.389281621));
#2769=VECTOR('',#2768,5.137668706);
#2770=LINE('',#2767,#2769);
#2771=EDGE_CURVE('',#2760,#2728,#2770,.T.);
#2772=ORIENTED_EDGE('',*,*,#2771,.T.);
#2773=ORIENTED_EDGE('',*,*,#2733,.T.);
#2774=CARTESIAN_POINT('',(199.,117.,7.));
#2775=VERTEX_POINT('',#2774);
#2776=CARTESIAN_POINT('',(199.,117.,3.));
#2777=DIRECTION('',(0.,0.,1.));
#2778=VECTOR('',#2777,4.);
#2779=LINE('',#2776,#2778);
#2780=EDGE_CURVE('',#2720,#2775,#2779,.T.);
#2781=ORIENTED_EDGE('',*,*,#2780,.T.);
#2782=CARTESIAN_POINT('',(127.,117.,7.));
#2783=VERTEX_POINT('',#2782);
#2784=CARTESIAN_POINT('',(127.,117.,7.));
#2785=DIRECTION('',(1.,0.,0.));
#2786=VECTOR('',#2785,72.);
#2787=LINE('',#2784,#2786);
#2788=EDGE_CURVE('',#2783,#2775,#2787,.T.);
#2789=ORIENTED_EDGE('',*,*,#2788,.F.);
#2790=CARTESIAN_POINT('',(127.,117.,5.));
#2791=DIRECTION('',(0.,0.,1.));
#2792=VECTOR('',#2791,2.);
#2793=LINE('',#2790,#2792);
#2794=EDGE_CURVE('',#2758,#2783,#2793,.T.);
#2795=ORIENTED_EDGE('',*,*,#2794,.F.);
#2796=EDGE_LOOP('',(#2766,#2772,#2773,#2781,#2789,#2795));
#2797=FACE_BOUND('',#2796,.T.);
#2798=ADVANCED_FACE('',(#2797),#2756,.T.);
#2799=CARTESIAN_POINT('',(127.,92.,3.));
#2800=DIRECTION('',(-1.,0.,0.));
#2801=DIRECTION('',(0.,0.,1.));
#2802=AXIS2_PLACEMENT_3D('',#2799,#2800,#2801);
#2803=PLANE('',#2802);
#2804=ORIENTED_EDGE('',*,*,#2463,.F.);
#2805=CARTESIAN_POINT('',(127.,102.871635935,5.));
#2806=VERTEX_POINT('',#2805);
#2807=CARTESIAN_POINT('',(127.,101.5,3.756875671));
#2808=DIRECTION('',(-0.,0.740965645,0.671542934));
#2809=VECTOR('',#2808,1.851146466);
#2810=LINE('',#2807,#2809);
#2811=EDGE_CURVE('',#2450,#2806,#2810,.T.);
#2812=ORIENTED_EDGE('',*,*,#2811,.T.);
#2813=CARTESIAN_POINT('',(127.,117.,5.));
#2814=DIRECTION('',(0.,-1.,0.));
#2815=VECTOR('',#2814,14.128364065);
#2816=LINE('',#2813,#2815);
#2817=EDGE_CURVE('',#2758,#2806,#2816,.T.);
#2818=ORIENTED_EDGE('',*,*,#2817,.F.);
#2819=ORIENTED_EDGE('',*,*,#2794,.T.);
#2820=CARTESIAN_POINT('',(127.,117.,7.));
#2821=DIRECTION('',(0.,-1.,0.));
#2822=VECTOR('',#2821,15.5);
#2823=LINE('',#2820,#2822);
#2824=EDGE_CURVE('',#2783,#2458,#2823,.T.);
#2825=ORIENTED_EDGE('',*,*,#2824,.T.);
#2826=EDGE_LOOP('',(#2804,#2812,#2818,#2819,#2825));
#2827=FACE_BOUND('',#2826,.T.);
#2828=ADVANCED_FACE('',(#2827),#2803,.F.);
#2829=CARTESIAN_POINT('',(213.,3.,7.));
#2830=DIRECTION('',(-0.,0.,-1.));
#2831=DIRECTION('',(-1.,0.,0.));
#2832=AXIS2_PLACEMENT_3D('',#2829,#2830,#2831);
#2833=PLANE('',#2832);
#2834=ORIENTED_EDGE('',*,*,#2824,.F.);
#2835=ORIENTED_EDGE('',*,*,#2788,.T.);
#2836=CARTESIAN_POINT('',(199.,67.,7.));
#2837=VERTEX_POINT('',#2836);
#2838=CARTESIAN_POINT('',(199.,117.,7.));
#2839=DIRECTION('',(0.,-1.,0.));
#2840=VECTOR('',#2839,50.);
#2841=LINE('',#2838,#2840);
#2842=EDGE_CURVE('',#2775,#2837,#2841,.T.);
#2843=ORIENTED_EDGE('',*,*,#2842,.T.);
#2844=CARTESIAN_POINT('',(127.,67.,7.));
#2845=VERTEX_POINT('',#2844);
#2846=CARTESIAN_POINT('',(199.,67.,7.));
#2847=DIRECTION('',(-1.,0.,0.));
#2848=VECTOR('',#2847,72.);
#2849=LINE('',#2846,#2848);
#2850=EDGE_CURVE('',#2837,#2845,#2849,.T.);
#2851=ORIENTED_EDGE('',*,*,#2850,.T.);
#2852=CARTESIAN_POINT('',(127.,91.,7.));
#2853=VERTEX_POINT('',#2852);
#2854=CARTESIAN_POINT('',(127.,67.,7.));
#2855=DIRECTION('',(0.,1.,0.));
#2856=VECTOR('',#2855,24.);
#2857=LINE('',#2854,#2856);
#2858=EDGE_CURVE('',#2845,#2853,#2857,.T.);
#2859=ORIENTED_EDGE('',*,*,#2858,.T.);
#2860=CARTESIAN_POINT('',(123.5,91.,7.));
#2861=VERTEX_POINT('',#2860);
#2862=CARTESIAN_POINT('',(123.5,91.,7.));
#2863=DIRECTION('',(1.,0.,-0.));
#2864=VECTOR('',#2863,3.5);
#2865=LINE('',#2862,#2864);
#2866=EDGE_CURVE('',#2861,#2853,#2865,.T.);
#2867=ORIENTED_EDGE('',*,*,#2866,.F.);
#2868=CARTESIAN_POINT('',(123.5,63.5,7.));
#2869=VERTEX_POINT('',#2868);
#2870=CARTESIAN_POINT('',(123.5,91.,7.));
#2871=DIRECTION('',(0.,-1.,-0.));
#2872=VECTOR('',#2871,27.5);
#2873=LINE('',#2870,#2872);
#2874=EDGE_CURVE('',#2861,#2869,#2873,.T.);
#2875=ORIENTED_EDGE('',*,*,#2874,.T.);
#2876=CARTESIAN_POINT('',(202.5,63.5,7.));
#2877=VERTEX_POINT('',#2876);
#2878=CARTESIAN_POINT('',(123.5,63.5,7.));
#2879=DIRECTION('',(1.,0.,-0.));
#2880=VECTOR('',#2879,79.);
#2881=LINE('',#2878,#2880);
#2882=EDGE_CURVE('',#2869,#2877,#2881,.T.);
#2883=ORIENTED_EDGE('',*,*,#2882,.T.);
#2884=CARTESIAN_POINT('',(202.5,103.5,7.));
#2885=VERTEX_POINT('',#2884);
#2886=CARTESIAN_POINT('',(202.5,63.5,7.));
#2887=DIRECTION('',(0.,1.,0.));
#2888=VECTOR('',#2887,40.);
#2889=LINE('',#2886,#2888);
#2890=EDGE_CURVE('',#2877,#2885,#2889,.T.);
#2891=ORIENTED_EDGE('',*,*,#2890,.T.);
#2892=CARTESIAN_POINT('',(213.5,103.5,7.));
#2893=VERTEX_POINT('',#2892);
#2894=CARTESIAN_POINT('',(202.5,103.5,7.));
#2895=DIRECTION('',(1.,0.,-0.));
#2896=VECTOR('',#2895,11.);
#2897=LINE('',#2894,#2896);
#2898=EDGE_CURVE('',#2885,#2893,#2897,.T.);
#2899=ORIENTED_EDGE('',*,*,#2898,.T.);
#2900=CARTESIAN_POINT('',(213.5,2.5,7.));
#2901=VERTEX_POINT('',#2900);
#2902=CARTESIAN_POINT('',(213.5,103.5,7.));
#2903=DIRECTION('',(0.,-1.,0.));
#2904=VECTOR('',#2903,101.);
#2905=LINE('',#2902,#2904);
#2906=EDGE_CURVE('',#2893,#2901,#2905,.T.);
#2907=ORIENTED_EDGE('',*,*,#2906,.T.);
#2908=CARTESIAN_POINT('',(112.5,2.5,7.));
#2909=VERTEX_POINT('',#2908);
#2910=CARTESIAN_POINT('',(213.5,2.5,7.));
#2911=DIRECTION('',(-1.,0.,0.));
#2912=VECTOR('',#2911,101.);
#2913=LINE('',#2910,#2912);
#2914=EDGE_CURVE('',#2901,#2909,#2913,.T.);
#2915=ORIENTED_EDGE('',*,*,#2914,.T.);
#2916=CARTESIAN_POINT('',(112.5,91.,7.));
#2917=VERTEX_POINT('',#2916);
#2918=CARTESIAN_POINT('',(112.5,2.5,7.));
#2919=DIRECTION('',(0.,1.,0.));
#2920=VECTOR('',#2919,88.5);
#2921=LINE('',#2918,#2920);
#2922=EDGE_CURVE('',#2909,#2917,#2921,.T.);
#2923=ORIENTED_EDGE('',*,*,#2922,.T.);
#2924=CARTESIAN_POINT('',(110.,91.,7.));
#2925=VERTEX_POINT('',#2924);
#2926=CARTESIAN_POINT('',(110.,91.,7.));
#2927=DIRECTION('',(1.,0.,-0.));
#2928=VECTOR('',#2927,2.5);
#2929=LINE('',#2926,#2928);
#2930=EDGE_CURVE('',#2925,#2917,#2929,.T.);
#2931=ORIENTED_EDGE('',*,*,#2930,.F.);
#2932=CARTESIAN_POINT('',(110.,2.,7.));
#2933=VERTEX_POINT('',#2932);
#2934=CARTESIAN_POINT('',(110.,2.,7.));
#2935=DIRECTION('',(0.,1.,0.));
#2936=VECTOR('',#2935,89.);
#2937=LINE('',#2934,#2936);
#2938=EDGE_CURVE('',#2933,#2925,#2937,.T.);
#2939=ORIENTED_EDGE('',*,*,#2938,.F.);
#2940=CARTESIAN_POINT('',(112.,-0.,7.));
#2941=VERTEX_POINT('',#2940);
#2942=CARTESIAN_POINT('',(112.,2.,7.));
#2943=DIRECTION('',(0.,-0.,1.));
#2944=DIRECTION('',(-1.,0.,0.));
#2945=AXIS2_PLACEMENT_3D('',#2942,#2943,#2944);
#2946=CIRCLE('',#2945,2.);
#2947=EDGE_CURVE('',#2933,#2941,#2946,.T.);
#2948=ORIENTED_EDGE('',*,*,#2947,.T.);
#2949=CARTESIAN_POINT('',(214.,-0.,7.));
#2950=VERTEX_POINT('',#2949);
#2951=CARTESIAN_POINT('',(214.,-0.,7.));
#2952=DIRECTION('',(-1.,0.,0.));
#2953=VECTOR('',#2952,102.);
#2954=LINE('',#2951,#2953);
#2955=EDGE_CURVE('',#2950,#2941,#2954,.T.);
#2956=ORIENTED_EDGE('',*,*,#2955,.F.);
#2957=CARTESIAN_POINT('',(216.,2.,7.));
#2958=VERTEX_POINT('',#2957);
#2959=CARTESIAN_POINT('',(214.,2.,7.));
#2960=DIRECTION('',(0.,-0.,1.));
#2961=DIRECTION('',(-1.,0.,0.));
#2962=AXIS2_PLACEMENT_3D('',#2959,#2960,#2961);
#2963=CIRCLE('',#2962,2.);
#2964=EDGE_CURVE('',#2950,#2958,#2963,.T.);
#2965=ORIENTED_EDGE('',*,*,#2964,.T.);
#2966=CARTESIAN_POINT('',(216.,122.,7.));
#2967=VERTEX_POINT('',#2966);
#2968=CARTESIAN_POINT('',(216.,122.,7.));
#2969=DIRECTION('',(0.,-1.,0.));
#2970=VECTOR('',#2969,120.);
#2971=LINE('',#2968,#2970);
#2972=EDGE_CURVE('',#2967,#2958,#2971,.T.);
#2973=ORIENTED_EDGE('',*,*,#2972,.F.);
#2974=CARTESIAN_POINT('',(214.,124.,7.));
#2975=VERTEX_POINT('',#2974);
#2976=CARTESIAN_POINT('',(214.,122.,7.));
#2977=DIRECTION('',(0.,-0.,1.));
#2978=DIRECTION('',(-1.,0.,0.));
#2979=AXIS2_PLACEMENT_3D('',#2976,#2977,#2978);
#2980=CIRCLE('',#2979,2.);
#2981=EDGE_CURVE('',#2967,#2975,#2980,.T.);
#2982=ORIENTED_EDGE('',*,*,#2981,.T.);
#2983=CARTESIAN_POINT('',(112.,124.,7.));
#2984=VERTEX_POINT('',#2983);
#2985=CARTESIAN_POINT('',(214.,124.,7.));
#2986=DIRECTION('',(-1.,0.,0.));
#2987=VECTOR('',#2986,102.);
#2988=LINE('',#2985,#2987);
#2989=EDGE_CURVE('',#2975,#2984,#2988,.T.);
#2990=ORIENTED_EDGE('',*,*,#2989,.T.);
#2991=CARTESIAN_POINT('',(110.,122.,7.));
#2992=VERTEX_POINT('',#2991);
#2993=CARTESIAN_POINT('',(112.,122.,7.));
#2994=DIRECTION('',(0.,-0.,1.));
#2995=DIRECTION('',(-1.,0.,0.));
#2996=AXIS2_PLACEMENT_3D('',#2993,#2994,#2995);
#2997=CIRCLE('',#2996,2.);
#2998=EDGE_CURVE('',#2984,#2992,#2997,.T.);
#2999=ORIENTED_EDGE('',*,*,#2998,.T.);
#3000=CARTESIAN_POINT('',(110.,101.5,7.));
#3001=DIRECTION('',(0.,1.,0.));
#3002=VECTOR('',#3001,20.5);
#3003=LINE('',#3000,#3002);
#3004=EDGE_CURVE('',#2466,#2992,#3003,.T.);
#3005=ORIENTED_EDGE('',*,*,#3004,.F.);
#3006=ORIENTED_EDGE('',*,*,#2471,.T.);
#3007=EDGE_LOOP('',(#2834,#2835,#2843,#2851,#2859,#2867,#2875,#2883,#2891,#2899,#2907,#2915,#2923,#2931,#2939,#2948,#2956,#2965,#2973,#2982,#2990,#2999,#3005,#3006));
#3008=FACE_BOUND('',#3007,.T.);
#3009=ADVANCED_FACE('',(#3008),#2833,.F.);
#3010=CARTESIAN_POINT('',(134.,91.,4.));
#3011=DIRECTION('',(0.,-1.,0.));
#3012=DIRECTION('',(0.,0.,-1.));
#3013=AXIS2_PLACEMENT_3D('',#3010,#3011,#3012);
#3014=PLANE('',#3013);
#3015=CARTESIAN_POINT('',(127.,91.,3.));
#3016=DIRECTION('',(0.,0.,1.));
#3017=VECTOR('',#3016,4.);
#3018=LINE('',#3015,#3017);
#3019=EDGE_CURVE('',#2696,#2853,#3018,.T.);
#3020=ORIENTED_EDGE('',*,*,#3019,.F.);
#3021=ORIENTED_EDGE('',*,*,#2701,.F.);
#3022=CARTESIAN_POINT('',(123.5,91.,3.));
#3023=DIRECTION('',(0.,0.,1.));
#3024=VECTOR('',#3023,4.);
#3025=LINE('',#3022,#3024);
#3026=EDGE_CURVE('',#2688,#2861,#3025,.T.);
#3027=ORIENTED_EDGE('',*,*,#3026,.T.);
#3028=ORIENTED_EDGE('',*,*,#2866,.T.);
#3029=EDGE_LOOP('',(#3020,#3021,#3027,#3028));
#3030=FACE_BOUND('',#3029,.T.);
#3031=ADVANCED_FACE('',(#3030),#3014,.F.);
#3032=CARTESIAN_POINT('',(112.5,53.,1.));
#3033=DIRECTION('',(1.,0.,-0.));
#3034=DIRECTION('',(-0.,0.,-1.));
#3035=AXIS2_PLACEMENT_3D('',#3032,#3033,#3034);
#3036=PLANE('',#3035);
#3037=ORIENTED_EDGE('',*,*,#2549,.T.);
#3038=CARTESIAN_POINT('',(112.5,91.,7.));
#3039=DIRECTION('',(-0.,0.,-1.));
#3040=VECTOR('',#3039,4.);
#3041=LINE('',#3038,#3040);
#3042=EDGE_CURVE('',#2917,#2536,#3041,.T.);
#3043=ORIENTED_EDGE('',*,*,#3042,.F.);
#3044=ORIENTED_EDGE('',*,*,#2922,.F.);
#3045=CARTESIAN_POINT('',(112.5,2.5,1.));
#3046=VERTEX_POINT('',#3045);
#3047=CARTESIAN_POINT('',(112.5,2.5,1.));
#3048=DIRECTION('',(0.,0.,1.));
#3049=VECTOR('',#3048,6.);
#3050=LINE('',#3047,#3049);
#3051=EDGE_CURVE('',#3046,#2909,#3050,.T.);
#3052=ORIENTED_EDGE('',*,*,#3051,.F.);
#3053=CARTESIAN_POINT('',(112.5,11.,1.));
#3054=VERTEX_POINT('',#3053);
#3055=CARTESIAN_POINT('',(112.5,2.5,1.));
#3056=DIRECTION('',(0.,1.,0.));
#3057=VECTOR('',#3056,8.5);
#3058=LINE('',#3055,#3057);
#3059=EDGE_CURVE('',#3046,#3054,#3058,.T.);
#3060=ORIENTED_EDGE('',*,*,#3059,.T.);
#3061=CARTESIAN_POINT('',(112.5,11.,1.));
#3062=DIRECTION('',(0.,0.,1.));
#3063=VECTOR('',#3062,2.);
#3064=LINE('',#3061,#3063);
#3065=EDGE_CURVE('',#3054,#2544,#3064,.T.);
#3066=ORIENTED_EDGE('',*,*,#3065,.T.);
#3067=EDGE_LOOP('',(#3037,#3043,#3044,#3052,#3060,#3066));
#3068=FACE_BOUND('',#3067,.T.);
#3069=ADVANCED_FACE('',(#3068),#3036,.T.);
#3070=CARTESIAN_POINT('',(123.5,83.5,1.));
#3071=DIRECTION('',(-1.,-0.,0.));
#3072=DIRECTION('',(-0.,1.,0.));
#3073=AXIS2_PLACEMENT_3D('',#3070,#3071,#3072);
#3074=PLANE('',#3073);
#3075=ORIENTED_EDGE('',*,*,#3026,.F.);
#3076=ORIENTED_EDGE('',*,*,#2693,.T.);
#3077=CARTESIAN_POINT('',(123.5,63.5,3.));
#3078=DIRECTION('',(0.,0.,1.));
#3079=VECTOR('',#3078,4.);
#3080=LINE('',#3077,#3079);
#3081=EDGE_CURVE('',#2680,#2869,#3080,.T.);
#3082=ORIENTED_EDGE('',*,*,#3081,.T.);
#3083=ORIENTED_EDGE('',*,*,#2874,.F.);
#3084=EDGE_LOOP('',(#3075,#3076,#3082,#3083));
#3085=FACE_BOUND('',#3084,.T.);
#3086=ADVANCED_FACE('',(#3085),#3074,.T.);
#3087=CARTESIAN_POINT('',(113.,53.,3.));
#3088=DIRECTION('',(-1.,0.,0.));
#3089=DIRECTION('',(0.,0.,1.));
#3090=AXIS2_PLACEMENT_3D('',#3087,#3088,#3089);
#3091=PLANE('',#3090);
#3092=CARTESIAN_POINT('',(113.,56.,1.));
#3093=VERTEX_POINT('',#3092);
#3094=CARTESIAN_POINT('',(113.,56.,3.));
#3095=DIRECTION('',(-0.,0.,-1.));
#3096=VECTOR('',#3095,2.);
#3097=LINE('',#3094,#3096);
#3098=EDGE_CURVE('',#2560,#3093,#3097,.T.);
#3099=ORIENTED_EDGE('',*,*,#3098,.F.);
#3100=ORIENTED_EDGE('',*,*,#2565,.F.);
#3101=CARTESIAN_POINT('',(113.,11.,1.));
#3102=VERTEX_POINT('',#3101);
#3103=CARTESIAN_POINT('',(113.,11.,1.));
#3104=DIRECTION('',(0.,0.,1.));
#3105=VECTOR('',#3104,2.);
#3106=LINE('',#3103,#3105);
#3107=EDGE_CURVE('',#3102,#2552,#3106,.T.);
#3108=ORIENTED_EDGE('',*,*,#3107,.F.);
#3109=CARTESIAN_POINT('',(113.,11.,1.));
#3110=DIRECTION('',(0.,1.,0.));
#3111=VECTOR('',#3110,45.);
#3112=LINE('',#3109,#3111);
#3113=EDGE_CURVE('',#3102,#3093,#3112,.T.);
#3114=ORIENTED_EDGE('',*,*,#3113,.T.);
#3115=EDGE_LOOP('',(#3099,#3100,#3108,#3114));
#3116=FACE_BOUND('',#3115,.T.);
#3117=ADVANCED_FACE('',(#3116),#3091,.F.);
#3118=CARTESIAN_POINT('',(133.,61.,1.));
#3119=DIRECTION('',(0.,-1.,-0.));
#3120=DIRECTION('',(-1.,-0.,0.));
#3121=AXIS2_PLACEMENT_3D('',#3118,#3119,#3120);
#3122=PLANE('',#3121);
#3123=ORIENTED_EDGE('',*,*,#2589,.F.);
#3124=CARTESIAN_POINT('',(123.5,61.,1.));
#3125=VERTEX_POINT('',#3124);
#3126=CARTESIAN_POINT('',(123.5,61.,3.));
#3127=DIRECTION('',(-0.,0.,-1.));
#3128=VECTOR('',#3127,2.);
#3129=LINE('',#3126,#3128);
#3130=EDGE_CURVE('',#2576,#3125,#3129,.T.);
#3131=ORIENTED_EDGE('',*,*,#3130,.T.);
#3132=CARTESIAN_POINT('',(153.,61.,1.));
#3133=VERTEX_POINT('',#3132);
#3134=CARTESIAN_POINT('',(123.5,61.,1.));
#3135=DIRECTION('',(1.,0.,-0.));
#3136=VECTOR('',#3135,29.5);
#3137=LINE('',#3134,#3136);
#3138=EDGE_CURVE('',#3125,#3133,#3137,.T.);
#3139=ORIENTED_EDGE('',*,*,#3138,.T.);
#3140=CARTESIAN_POINT('',(153.,61.,1.));
#3141=DIRECTION('',(0.,0.,1.));
#3142=VECTOR('',#3141,2.);
#3143=LINE('',#3140,#3142);
#3144=EDGE_CURVE('',#3133,#2584,#3143,.T.);
#3145=ORIENTED_EDGE('',*,*,#3144,.T.);
#3146=EDGE_LOOP('',(#3123,#3131,#3139,#3145));
#3147=FACE_BOUND('',#3146,.T.);
#3148=ADVANCED_FACE('',(#3147),#3122,.T.);
#3149=CARTESIAN_POINT('',(213.,3.,1.));
#3150=DIRECTION('',(-0.,0.,-1.));
#3151=DIRECTION('',(-1.,0.,0.));
#3152=AXIS2_PLACEMENT_3D('',#3149,#3150,#3151);
#3153=PLANE('',#3152);
#3154=CARTESIAN_POINT('',(123.5,56.,1.));
#3155=VERTEX_POINT('',#3154);
#3156=CARTESIAN_POINT('',(123.5,56.,1.));
#3157=DIRECTION('',(0.,1.,-0.));
#3158=VECTOR('',#3157,5.);
#3159=LINE('',#3156,#3158);
#3160=EDGE_CURVE('',#3155,#3125,#3159,.T.);
#3161=ORIENTED_EDGE('',*,*,#3160,.F.);
#3162=CARTESIAN_POINT('',(113.,56.,1.));
#3163=DIRECTION('',(1.,0.,-0.));
#3164=VECTOR('',#3163,10.5);
#3165=LINE('',#3162,#3164);
#3166=EDGE_CURVE('',#3093,#3155,#3165,.T.);
#3167=ORIENTED_EDGE('',*,*,#3166,.F.);
#3168=ORIENTED_EDGE('',*,*,#3113,.F.);
#3169=CARTESIAN_POINT('',(112.5,11.,1.));
#3170=DIRECTION('',(1.,0.,-0.));
#3171=VECTOR('',#3170,0.5);
#3172=LINE('',#3169,#3171);
#3173=EDGE_CURVE('',#3054,#3102,#3172,.T.);
#3174=ORIENTED_EDGE('',*,*,#3173,.F.);
#3175=ORIENTED_EDGE('',*,*,#3059,.F.);
#3176=CARTESIAN_POINT('',(117.,2.5,1.));
#3177=VERTEX_POINT('',#3176);
#3178=CARTESIAN_POINT('',(117.,2.5,1.));
#3179=DIRECTION('',(-1.,0.,0.));
#3180=VECTOR('',#3179,4.5);
#3181=LINE('',#3178,#3180);
#3182=EDGE_CURVE('',#3177,#3046,#3181,.T.);
#3183=ORIENTED_EDGE('',*,*,#3182,.F.);
#3184=CARTESIAN_POINT('',(117.,11.,1.));
#3185=VERTEX_POINT('',#3184);
#3186=CARTESIAN_POINT('',(117.,11.,1.));
#3187=DIRECTION('',(0.,-1.,0.));
#3188=VECTOR('',#3187,8.5);
#3189=LINE('',#3186,#3188);
#3190=EDGE_CURVE('',#3185,#3177,#3189,.T.);
#3191=ORIENTED_EDGE('',*,*,#3190,.F.);
#3192=CARTESIAN_POINT('',(205.,11.,1.));
#3193=VERTEX_POINT('',#3192);
#3194=CARTESIAN_POINT('',(117.,11.,1.));
#3195=DIRECTION('',(1.,0.,-0.));
#3196=VECTOR('',#3195,88.);
#3197=LINE('',#3194,#3196);
#3198=EDGE_CURVE('',#3185,#3193,#3197,.T.);
#3199=ORIENTED_EDGE('',*,*,#3198,.T.);
#3200=CARTESIAN_POINT('',(205.,61.,1.));
#3201=VERTEX_POINT('',#3200);
#3202=CARTESIAN_POINT('',(205.,61.,1.));
#3203=DIRECTION('',(-0.,-1.,0.));
#3204=VECTOR('',#3203,50.);
#3205=LINE('',#3202,#3204);
#3206=EDGE_CURVE('',#3201,#3193,#3205,.T.);
#3207=ORIENTED_EDGE('',*,*,#3206,.F.);
#3208=CARTESIAN_POINT('',(173.,61.,1.));
#3209=VERTEX_POINT('',#3208);
#3210=CARTESIAN_POINT('',(173.,61.,1.));
#3211=DIRECTION('',(1.,-0.,-0.));
#3212=VECTOR('',#3211,32.);
#3213=LINE('',#3210,#3212);
#3214=EDGE_CURVE('',#3209,#3201,#3213,.T.);
#3215=ORIENTED_EDGE('',*,*,#3214,.F.);
#3216=CARTESIAN_POINT('',(173.,63.,1.));
#3217=VERTEX_POINT('',#3216);
#3218=CARTESIAN_POINT('',(173.,63.,1.));
#3219=DIRECTION('',(0.,-1.,0.));
#3220=VECTOR('',#3219,2.);
#3221=LINE('',#3218,#3220);
#3222=EDGE_CURVE('',#3217,#3209,#3221,.T.);
#3223=ORIENTED_EDGE('',*,*,#3222,.F.);
#3224=CARTESIAN_POINT('',(153.,63.,1.));
#3225=VERTEX_POINT('',#3224);
#3226=CARTESIAN_POINT('',(153.,63.,1.));
#3227=DIRECTION('',(1.,0.,-0.));
#3228=VECTOR('',#3227,20.);
#3229=LINE('',#3226,#3228);
#3230=EDGE_CURVE('',#3225,#3217,#3229,.T.);
#3231=ORIENTED_EDGE('',*,*,#3230,.F.);
#3232=CARTESIAN_POINT('',(153.,61.,1.));
#3233=DIRECTION('',(0.,1.,0.));
#3234=VECTOR('',#3233,2.);
#3235=LINE('',#3232,#3234);
#3236=EDGE_CURVE('',#3133,#3225,#3235,.T.);
#3237=ORIENTED_EDGE('',*,*,#3236,.F.);
#3238=ORIENTED_EDGE('',*,*,#3138,.F.);
#3239=EDGE_LOOP('',(#3161,#3167,#3168,#3174,#3175,#3183,#3191,#3199,#3207,#3215,#3223,#3231,#3237,#3238));
#3240=FACE_BOUND('',#3239,.T.);
#3241=ADVANCED_FACE('',(#3240),#3153,.F.);
#3242=CARTESIAN_POINT('',(213.,3.,0.));
#3243=DIRECTION('',(-0.,0.,-1.));
#3244=DIRECTION('',(-1.,0.,0.));
#3245=AXIS2_PLACEMENT_3D('',#3242,#3243,#3244);
#3246=PLANE('',#3245);
#3247=CARTESIAN_POINT('',(119.,58.,-0.));
#3248=VERTEX_POINT('',#3247);
#3249=CARTESIAN_POINT('',(118.,58.,-0.));
#3250=DIRECTION('',(0.,0.,1.));
#3251=DIRECTION('',(1.,0.,-0.));
#3252=AXIS2_PLACEMENT_3D('',#3249,#3250,#3251);
#3253=CIRCLE('',#3252,1.);
#3254=EDGE_CURVE('',#3248,#3248,#3253,.T.);
#3255=ORIENTED_EDGE('',*,*,#3254,.T.);
#3256=EDGE_LOOP('',(#3255));
#3257=FACE_BOUND('',#3256,.T.);
#3258=CARTESIAN_POINT('',(110.,2.,0.));
#3259=VERTEX_POINT('',#3258);
#3260=CARTESIAN_POINT('',(110.,106.400555311,0.));
#3261=VERTEX_POINT('',#3260);
#3262=CARTESIAN_POINT('',(110.,2.,0.));
#3263=DIRECTION('',(0.,1.,0.));
#3264=VECTOR('',#3263,104.400555311);
#3265=LINE('',#3262,#3264);
#3266=EDGE_CURVE('',#3259,#3261,#3265,.T.);
#3267=ORIENTED_EDGE('',*,*,#3266,.T.);
#3268=CARTESIAN_POINT('',(112.529887302,111.825916139,0.));
#3269=VERTEX_POINT('',#3268);
#3270=CARTESIAN_POINT('',(110.,106.400555311,0.));
#3271=DIRECTION('',(0.422618262,0.906307787,-0.));
#3272=VECTOR('',#3271,5.98622334);
#3273=LINE('',#3270,#3272);
#3274=EDGE_CURVE('',#3261,#3269,#3273,.T.);
#3275=ORIENTED_EDGE('',*,*,#3274,.T.);
#3276=CARTESIAN_POINT('',(166.455200631,86.680129565,0.));
#3277=VERTEX_POINT('',#3276);
#3278=CARTESIAN_POINT('',(112.529887302,111.825916139,0.));
#3279=DIRECTION('',(0.906307787,-0.422618262,-0.));
#3280=VECTOR('',#3279,59.5);
#3281=LINE('',#3278,#3280);
#3282=EDGE_CURVE('',#3269,#3277,#3281,.T.);
#3283=ORIENTED_EDGE('',*,*,#3282,.T.);
#3284=CARTESIAN_POINT('',(171.737928903,98.008976903,0.));
#3285=VERTEX_POINT('',#3284);
#3286=CARTESIAN_POINT('',(171.737928903,98.008976903,0.));
#3287=DIRECTION('',(-0.422618262,-0.906307787,0.));
#3288=VECTOR('',#3287,12.5);
#3289=LINE('',#3286,#3288);
#3290=EDGE_CURVE('',#3285,#3277,#3289,.T.);
#3291=ORIENTED_EDGE('',*,*,#3290,.F.);
#3292=CARTESIAN_POINT('',(117.812615574,123.154763477,0.));
#3293=VERTEX_POINT('',#3292);
#3294=CARTESIAN_POINT('',(117.812615574,123.154763477,0.));
#3295=DIRECTION('',(0.906307787,-0.422618262,-0.));
#3296=VECTOR('',#3295,59.5);
#3297=LINE('',#3294,#3296);
#3298=EDGE_CURVE('',#3293,#3285,#3297,.T.);
#3299=ORIENTED_EDGE('',*,*,#3298,.F.);
#3300=CARTESIAN_POINT('',(118.206755838,124.,0.));
#3301=VERTEX_POINT('',#3300);
#3302=CARTESIAN_POINT('',(117.812615574,123.154763477,0.));
#3303=DIRECTION('',(0.422618262,0.906307787,-0.));
#3304=VECTOR('',#3303,0.932615316);
#3305=LINE('',#3302,#3304);
#3306=EDGE_CURVE('',#3293,#3301,#3305,.T.);
#3307=ORIENTED_EDGE('',*,*,#3306,.T.);
#3308=CARTESIAN_POINT('',(214.,124.,0.));
#3309=VERTEX_POINT('',#3308);
#3310=CARTESIAN_POINT('',(214.,124.,0.));
#3311=DIRECTION('',(-1.,0.,0.));
#3312=VECTOR('',#3311,95.793244162);
#3313=LINE('',#3310,#3312);
#3314=EDGE_CURVE('',#3309,#3301,#3313,.T.);
#3315=ORIENTED_EDGE('',*,*,#3314,.F.);
#3316=CARTESIAN_POINT('',(216.,122.,0.));
#3317=VERTEX_POINT('',#3316);
#3318=CARTESIAN_POINT('',(214.,122.,0.));
#3319=DIRECTION('',(-0.,0.,-1.));
#3320=DIRECTION('',(-1.,0.,0.));
#3321=AXIS2_PLACEMENT_3D('',#3318,#3319,#3320);
#3322=CIRCLE('',#3321,2.);
#3323=EDGE_CURVE('',#3309,#3317,#3322,.T.);
#3324=ORIENTED_EDGE('',*,*,#3323,.T.);
#3325=CARTESIAN_POINT('',(216.,2.,0.));
#3326=VERTEX_POINT('',#3325);
#3327=CARTESIAN_POINT('',(216.,122.,0.));
#3328=DIRECTION('',(0.,-1.,0.));
#3329=VECTOR('',#3328,120.);
#3330=LINE('',#3327,#3329);
#3331=EDGE_CURVE('',#3317,#3326,#3330,.T.);
#3332=ORIENTED_EDGE('',*,*,#3331,.T.);
#3333=CARTESIAN_POINT('',(214.,-0.,0.));
#3334=VERTEX_POINT('',#3333);
#3335=CARTESIAN_POINT('',(214.,2.,0.));
#3336=DIRECTION('',(-0.,0.,-1.));
#3337=DIRECTION('',(-1.,0.,0.));
#3338=AXIS2_PLACEMENT_3D('',#3335,#3336,#3337);
#3339=CIRCLE('',#3338,2.);
#3340=EDGE_CURVE('',#3326,#3334,#3339,.T.);
#3341=ORIENTED_EDGE('',*,*,#3340,.T.);
#3342=CARTESIAN_POINT('',(112.,-0.,0.));
#3343=VERTEX_POINT('',#3342);
#3344=CARTESIAN_POINT('',(214.,-0.,0.));
#3345=DIRECTION('',(-1.,0.,0.));
#3346=VECTOR('',#3345,102.);
#3347=LINE('',#3344,#3346);
#3348=EDGE_CURVE('',#3334,#3343,#3347,.T.);
#3349=ORIENTED_EDGE('',*,*,#3348,.T.);
#3350=CARTESIAN_POINT('',(112.,2.,0.));
#3351=DIRECTION('',(-0.,0.,-1.));
#3352=DIRECTION('',(-1.,0.,0.));
#3353=AXIS2_PLACEMENT_3D('',#3350,#3351,#3352);
#3354=CIRCLE('',#3353,2.);
#3355=EDGE_CURVE('',#3343,#3259,#3354,.T.);
#3356=ORIENTED_EDGE('',*,*,#3355,.T.);
#3357=EDGE_LOOP('',(#3267,#3275,#3283,#3291,#3299,#3307,#3315,#3324,#3332,#3341,#3349,#3356));
#3358=FACE_BOUND('',#3357,.T.);
#3359=CARTESIAN_POINT('',(209.,56.,0.));
#3360=VERTEX_POINT('',#3359);
#3361=CARTESIAN_POINT('',(207.,56.,0.));
#3362=VERTEX_POINT('',#3361);
#3363=CARTESIAN_POINT('',(208.,56.,0.));
#3364=DIRECTION('',(-0.,0.,-1.));
#3365=DIRECTION('',(-1.,0.,0.));
#3366=AXIS2_PLACEMENT_3D('',#3363,#3364,#3365);
#3367=CIRCLE('',#3366,1.);
#3368=EDGE_CURVE('',#3360,#3362,#3367,.T.);
#3369=ORIENTED_EDGE('',*,*,#3368,.F.);
#3370=CARTESIAN_POINT('',(208.,56.,0.));
#3371=DIRECTION('',(-0.,0.,-1.));
#3372=DIRECTION('',(-1.,0.,0.));
#3373=AXIS2_PLACEMENT_3D('',#3370,#3371,#3372);
#3374=CIRCLE('',#3373,1.);
#3375=EDGE_CURVE('',#3362,#3360,#3374,.T.);
#3376=ORIENTED_EDGE('',*,*,#3375,.F.);
#3377=EDGE_LOOP('',(#3369,#3376));
#3378=FACE_BOUND('',#3377,.T.);
#3379=ADVANCED_FACE('',(#3257,#3358,#3378),#3246,.T.);
#3380=CARTESIAN_POINT('',(163.,124.,5.));
#3381=DIRECTION('',(0.,-1.,0.));
#3382=DIRECTION('',(0.,0.,1.));
#3383=AXIS2_PLACEMENT_3D('',#3380,#3381,#3382);
#3384=PLANE('',#3383);
#3385=CARTESIAN_POINT('',(112.,124.,5.625231148));
#3386=VERTEX_POINT('',#3385);
#3387=CARTESIAN_POINT('',(116.,124.,2.));
#3388=VERTEX_POINT('',#3387);
#3389=CARTESIAN_POINT('',(112.,124.,5.625231148));
#3390=DIRECTION('',(0.740965645,0.,-0.671542934));
#3391=VECTOR('',#3390,5.398360944);
#3392=LINE('',#3389,#3391);
#3393=EDGE_CURVE('',#3386,#3388,#3392,.T.);
#3394=ORIENTED_EDGE('',*,*,#3393,.F.);
#3395=CARTESIAN_POINT('',(112.,124.,5.625231148));
#3396=DIRECTION('',(0.,-0.,1.));
#3397=VECTOR('',#3396,1.374768852);
#3398=LINE('',#3395,#3397);
#3399=EDGE_CURVE('',#3386,#2984,#3398,.T.);
#3400=ORIENTED_EDGE('',*,*,#3399,.T.);
#3401=ORIENTED_EDGE('',*,*,#2989,.F.);
#3402=CARTESIAN_POINT('',(214.,124.,7.));
#3403=DIRECTION('',(-0.,0.,-1.));
#3404=VECTOR('',#3403,7.);
#3405=LINE('',#3402,#3404);
#3406=EDGE_CURVE('',#2975,#3309,#3405,.T.);
#3407=ORIENTED_EDGE('',*,*,#3406,.T.);
#3408=ORIENTED_EDGE('',*,*,#3314,.T.);
#3409=CARTESIAN_POINT('',(116.045107085,124.,1.959119098));
#3410=VERTEX_POINT('',#3409);
#3411=CARTESIAN_POINT('',(116.045107085,124.,1.959119098));
#3412=DIRECTION('',(0.740965645,0.,-0.671542934));
#3413=VECTOR('',#3412,2.91734005);
#3414=LINE('',#3411,#3413);
#3415=EDGE_CURVE('',#3410,#3301,#3414,.T.);
#3416=ORIENTED_EDGE('',*,*,#3415,.F.);
#3417=CARTESIAN_POINT('',(116.045107085,124.,2.));
#3418=VERTEX_POINT('',#3417);
#3419=CARTESIAN_POINT('',(116.045107085,124.,1.959119098));
#3420=DIRECTION('',(0.,0.,1.));
#3421=VECTOR('',#3420,0.040880902);
#3422=LINE('',#3419,#3421);
#3423=EDGE_CURVE('',#3410,#3418,#3422,.T.);
#3424=ORIENTED_EDGE('',*,*,#3423,.T.);
#3425=CARTESIAN_POINT('',(116.045107085,124.,2.));
#3426=DIRECTION('',(-1.,0.,0.));
#3427=VECTOR('',#3426,0.045107085);
#3428=LINE('',#3425,#3427);
#3429=EDGE_CURVE('',#3418,#3388,#3428,.T.);
#3430=ORIENTED_EDGE('',*,*,#3429,.T.);
#3431=EDGE_LOOP('',(#3394,#3400,#3401,#3407,#3408,#3416,#3424,#3430));
#3432=FACE_BOUND('',#3431,.T.);
#3433=ADVANCED_FACE('',(#3432),#3384,.F.);
#3434=CARTESIAN_POINT('',(112.,122.,1.));
#3435=DIRECTION('',(-0.,0.,-1.));
#3436=DIRECTION('',(-1.,0.,0.));
#3437=AXIS2_PLACEMENT_3D('',#3434,#3435,#3436);
#3438=CYLINDRICAL_SURFACE('',#3437,2.);
#3439=ORIENTED_EDGE('',*,*,#3399,.F.);
#3440=CARTESIAN_POINT('',(110.,122.,6.592610199));
#3441=VERTEX_POINT('',#3440);
#3442=CARTESIAN_POINT('',(112.,122.,4.779994625));
#3443=DIRECTION('',(0.640856382,-0.298836239,0.707106781));
#3444=DIRECTION('',(0.640856382,-0.298836239,-0.707106781));
#3445=AXIS2_PLACEMENT_3D('',#3442,#3443,#3444);
#3446=ELLIPSE('',#3445,2.828427125,2.);
#3447=EDGE_CURVE('',#3386,#3441,#3446,.T.);
#3448=ORIENTED_EDGE('',*,*,#3447,.T.);
#3449=CARTESIAN_POINT('',(110.,122.,7.));
#3450=DIRECTION('',(-0.,0.,-1.));
#3451=VECTOR('',#3450,0.407389801);
#3452=LINE('',#3449,#3451);
#3453=EDGE_CURVE('',#2992,#3441,#3452,.T.);
#3454=ORIENTED_EDGE('',*,*,#3453,.F.);
#3455=ORIENTED_EDGE('',*,*,#2998,.F.);
#3456=EDGE_LOOP('',(#3439,#3448,#3454,#3455));
#3457=FACE_BOUND('',#3456,.T.);
#3458=ADVANCED_FACE('',(#3457),#3438,.T.);
#3459=CARTESIAN_POINT('',(143.868964451,111.004488451,2.));
#3460=DIRECTION('',(0.422618262,0.906307787,-0.));
#3461=DIRECTION('',(-0.906307787,0.422618262,0.));
#3462=AXIS2_PLACEMENT_3D('',#3459,#3460,#3461);
#3463=PLANE('',#3462);
#3464=CARTESIAN_POINT('',(116.040880902,123.980936922,1.954892915));
#3465=VERTEX_POINT('',#3464);
#3466=CARTESIAN_POINT('',(117.812615574,123.154763477,-0.));
#3467=DIRECTION('',(-0.640856382,0.298836239,0.707106781));
#3468=VECTOR('',#3467,2.764636073);
#3469=LINE('',#3466,#3468);
#3470=EDGE_CURVE('',#3293,#3465,#3469,.T.);
#3471=ORIENTED_EDGE('',*,*,#3470,.F.);
#3472=ORIENTED_EDGE('',*,*,#3298,.T.);
#3473=CARTESIAN_POINT('',(171.737928903,98.008976903,2.));
#3474=VERTEX_POINT('',#3473);
#3475=CARTESIAN_POINT('',(171.737928903,98.008976903,2.));
#3476=DIRECTION('',(-0.,0.,-1.));
#3477=VECTOR('',#3476,2.);
#3478=LINE('',#3475,#3477);
#3479=EDGE_CURVE('',#3474,#3285,#3478,.T.);
#3480=ORIENTED_EDGE('',*,*,#3479,.F.);
#3481=CARTESIAN_POINT('',(116.040880902,123.980936922,2.));
#3482=VERTEX_POINT('',#3481);
#3483=CARTESIAN_POINT('',(116.040880902,123.980936922,2.));
#3484=DIRECTION('',(0.906307787,-0.422618262,-0.));
#3485=VECTOR('',#3484,61.454892915);
#3486=LINE('',#3483,#3485);
#3487=EDGE_CURVE('',#3482,#3474,#3486,.T.);
#3488=ORIENTED_EDGE('',*,*,#3487,.F.);
#3489=CARTESIAN_POINT('',(116.040880902,123.980936922,2.));
#3490=DIRECTION('',(-0.,-0.,-1.));
#3491=VECTOR('',#3490,0.045107085);
#3492=LINE('',#3489,#3491);
#3493=EDGE_CURVE('',#3482,#3465,#3492,.T.);
#3494=ORIENTED_EDGE('',*,*,#3493,.T.);
#3495=EDGE_LOOP('',(#3471,#3472,#3480,#3488,#3494));
#3496=FACE_BOUND('',#3495,.T.);
#3497=ADVANCED_FACE('',(#3496),#3463,.F.);
#3498=CARTESIAN_POINT('',(138.58623618,99.675641114,2.));
#3499=DIRECTION('',(0.422618262,0.906307787,-0.));
#3500=DIRECTION('',(-0.906307787,0.422618262,-0.));
#3501=AXIS2_PLACEMENT_3D('',#3498,#3499,#3500);
#3502=PLANE('',#3501);
#3503=ORIENTED_EDGE('',*,*,#3282,.F.);
#3504=CARTESIAN_POINT('',(110.717271728,112.671152662,2.));
#3505=VERTEX_POINT('',#3504);
#3506=CARTESIAN_POINT('',(112.529887302,111.825916139,0.));
#3507=DIRECTION('',(-0.640856382,0.298836239,0.707106781));
#3508=VECTOR('',#3507,2.828427125);
#3509=LINE('',#3506,#3508);
#3510=EDGE_CURVE('',#3269,#3505,#3509,.T.);
#3511=ORIENTED_EDGE('',*,*,#3510,.T.);
#3512=CARTESIAN_POINT('',(166.455200631,86.680129565,2.));
#3513=VERTEX_POINT('',#3512);
#3514=CARTESIAN_POINT('',(110.717271728,112.671152662,2.));
#3515=DIRECTION('',(0.906307787,-0.422618262,-0.));
#3516=VECTOR('',#3515,61.5);
#3517=LINE('',#3514,#3516);
#3518=EDGE_CURVE('',#3505,#3513,#3517,.T.);
#3519=ORIENTED_EDGE('',*,*,#3518,.T.);
#3520=CARTESIAN_POINT('',(166.455200631,86.680129565,2.));
#3521=DIRECTION('',(-0.,0.,-1.));
#3522=VECTOR('',#3521,2.);
#3523=LINE('',#3520,#3522);
#3524=EDGE_CURVE('',#3513,#3277,#3523,.T.);
#3525=ORIENTED_EDGE('',*,*,#3524,.T.);
#3526=EDGE_LOOP('',(#3503,#3511,#3519,#3525));
#3527=FACE_BOUND('',#3526,.T.);
#3528=ADVANCED_FACE('',(#3527),#3502,.T.);
#3529=CARTESIAN_POINT('',(-10.,0.,2.));
#3530=DIRECTION('',(-0.,0.,-1.));
#3531=DIRECTION('',(-1.,0.,0.));
#3532=AXIS2_PLACEMENT_3D('',#3529,#3530,#3531);
#3533=PLANE('',#3532);
#3534=ORIENTED_EDGE('',*,*,#3487,.T.);
#3535=CARTESIAN_POINT('',(171.737928903,98.008976903,2.));
#3536=DIRECTION('',(-0.422618262,-0.906307787,0.));
#3537=VECTOR('',#3536,12.5);
#3538=LINE('',#3535,#3537);
#3539=EDGE_CURVE('',#3474,#3513,#3538,.T.);
#3540=ORIENTED_EDGE('',*,*,#3539,.T.);
#3541=ORIENTED_EDGE('',*,*,#3518,.F.);
#3542=CARTESIAN_POINT('',(116.,124.,2.));
#3543=DIRECTION('',(-0.422618262,-0.906307787,0.));
#3544=VECTOR('',#3543,12.5);
#3545=LINE('',#3542,#3544);
#3546=EDGE_CURVE('',#3388,#3505,#3545,.T.);
#3547=ORIENTED_EDGE('',*,*,#3546,.F.);
#3548=ORIENTED_EDGE('',*,*,#3429,.F.);
#3549=CARTESIAN_POINT('',(116.045107085,123.99,2.));
#3550=DIRECTION('',(0.,-0.,1.));
#3551=DIRECTION('',(-1.,0.,0.));
#3552=AXIS2_PLACEMENT_3D('',#3549,#3550,#3551);
#3553=CIRCLE('',#3552,0.01);
#3554=EDGE_CURVE('',#3418,#3482,#3553,.T.);
#3555=ORIENTED_EDGE('',*,*,#3554,.T.);
#3556=EDGE_LOOP('',(#3534,#3540,#3541,#3547,#3548,#3555));
#3557=FACE_BOUND('',#3556,.T.);
#3558=ADVANCED_FACE('',(#3557),#3533,.T.);
#3559=CARTESIAN_POINT('',(116.045107085,123.99,5.));
#3560=DIRECTION('',(0.,0.,1.));
#3561=DIRECTION('',(1.,0.,-0.));
#3562=AXIS2_PLACEMENT_3D('',#3559,#3560,#3561);
#3563=CYLINDRICAL_SURFACE('',#3562,0.01);
#3564=ORIENTED_EDGE('',*,*,#3423,.F.);
#3565=CARTESIAN_POINT('',(116.045107085,123.99,1.954892915));
#3566=DIRECTION('',(0.640856382,-0.298836239,0.707106781));
#3567=DIRECTION('',(-0.640856382,0.298836239,0.707106781));
#3568=AXIS2_PLACEMENT_3D('',#3565,#3566,#3567);
#3569=ELLIPSE('',#3568,0.014142136,0.01);
#3570=EDGE_CURVE('',#3410,#3465,#3569,.T.);
#3571=ORIENTED_EDGE('',*,*,#3570,.T.);
#3572=ORIENTED_EDGE('',*,*,#3493,.F.);
#3573=ORIENTED_EDGE('',*,*,#3554,.F.);
#3574=EDGE_LOOP('',(#3564,#3571,#3572,#3573));
#3575=FACE_BOUND('',#3574,.T.);
#3576=ADVANCED_FACE('',(#3575),#3563,.T.);
#3577=CARTESIAN_POINT('',(213.5,53.,1.));
#3578=DIRECTION('',(-1.,0.,0.));
#3579=DIRECTION('',(0.,0.,1.));
#3580=AXIS2_PLACEMENT_3D('',#3577,#3578,#3579);
#3581=PLANE('',#3580);
#3582=CARTESIAN_POINT('',(213.5,103.5,3.));
#3583=DIRECTION('',(0.,0.,1.));
#3584=VECTOR('',#3583,4.);
#3585=LINE('',#3582,#3584);
#3586=EDGE_CURVE('',#2656,#2893,#3585,.T.);
#3587=ORIENTED_EDGE('',*,*,#3586,.F.);
#3588=ORIENTED_EDGE('',*,*,#2661,.T.);
#3589=CARTESIAN_POINT('',(213.5,2.5,3.));
#3590=DIRECTION('',(0.,0.,1.));
#3591=VECTOR('',#3590,4.);
#3592=LINE('',#3589,#3591);
#3593=EDGE_CURVE('',#2648,#2901,#3592,.T.);
#3594=ORIENTED_EDGE('',*,*,#3593,.T.);
#3595=ORIENTED_EDGE('',*,*,#2906,.F.);
#3596=EDGE_LOOP('',(#3587,#3588,#3594,#3595));
#3597=FACE_BOUND('',#3596,.T.);
#3598=ADVANCED_FACE('',(#3597),#3581,.T.);
#3599=CARTESIAN_POINT('',(208.,103.5,1.));
#3600=DIRECTION('',(0.,-1.,0.));
#3601=DIRECTION('',(0.,0.,1.));
#3602=AXIS2_PLACEMENT_3D('',#3599,#3600,#3601);
#3603=PLANE('',#3602);
#3604=CARTESIAN_POINT('',(202.5,103.5,3.));
#3605=DIRECTION('',(0.,0.,1.));
#3606=VECTOR('',#3605,4.);
#3607=LINE('',#3604,#3606);
#3608=EDGE_CURVE('',#2664,#2885,#3607,.T.);
#3609=ORIENTED_EDGE('',*,*,#3608,.F.);
#3610=ORIENTED_EDGE('',*,*,#2669,.T.);
#3611=ORIENTED_EDGE('',*,*,#3586,.T.);
#3612=ORIENTED_EDGE('',*,*,#2898,.F.);
#3613=EDGE_LOOP('',(#3609,#3610,#3611,#3612));
#3614=FACE_BOUND('',#3613,.T.);
#3615=ADVANCED_FACE('',(#3614),#3603,.T.);
#3616=CARTESIAN_POINT('',(202.5,83.5,1.));
#3617=DIRECTION('',(1.,0.,-0.));
#3618=DIRECTION('',(-0.,0.,-1.));
#3619=AXIS2_PLACEMENT_3D('',#3616,#3617,#3618);
#3620=PLANE('',#3619);
#3621=CARTESIAN_POINT('',(202.5,63.5,3.));
#3622=DIRECTION('',(0.,0.,1.));
#3623=VECTOR('',#3622,4.);
#3624=LINE('',#3621,#3623);
#3625=EDGE_CURVE('',#2672,#2877,#3624,.T.);
#3626=ORIENTED_EDGE('',*,*,#3625,.F.);
#3627=ORIENTED_EDGE('',*,*,#2677,.T.);
#3628=ORIENTED_EDGE('',*,*,#3608,.T.);
#3629=ORIENTED_EDGE('',*,*,#2890,.F.);
#3630=EDGE_LOOP('',(#3626,#3627,#3628,#3629));
#3631=FACE_BOUND('',#3630,.T.);
#3632=ADVANCED_FACE('',(#3631),#3620,.T.);
#3633=CARTESIAN_POINT('',(163.,63.5,1.));
#3634=DIRECTION('',(0.,-1.,0.));
#3635=DIRECTION('',(0.,0.,1.));
#3636=AXIS2_PLACEMENT_3D('',#3633,#3634,#3635);
#3637=PLANE('',#3636);
#3638=ORIENTED_EDGE('',*,*,#3081,.F.);
#3639=ORIENTED_EDGE('',*,*,#2685,.T.);
#3640=ORIENTED_EDGE('',*,*,#3625,.T.);
#3641=ORIENTED_EDGE('',*,*,#2882,.F.);
#3642=EDGE_LOOP('',(#3638,#3639,#3640,#3641));
#3643=FACE_BOUND('',#3642,.T.);
#3644=ADVANCED_FACE('',(#3643),#3637,.T.);
#3645=CARTESIAN_POINT('',(163.,-0.,1.));
#3646=DIRECTION('',(0.,1.,0.));
#3647=DIRECTION('',(-0.,0.,-1.));
#3648=AXIS2_PLACEMENT_3D('',#3645,#3646,#3647);
#3649=PLANE('',#3648);
#3650=ORIENTED_EDGE('',*,*,#2955,.T.);
#3651=CARTESIAN_POINT('',(112.,-0.,7.));
#3652=DIRECTION('',(-0.,-0.,-1.));
#3653=VECTOR('',#3652,7.);
#3654=LINE('',#3651,#3653);
#3655=EDGE_CURVE('',#2941,#3343,#3654,.T.);
#3656=ORIENTED_EDGE('',*,*,#3655,.T.);
#3657=ORIENTED_EDGE('',*,*,#3348,.F.);
#3658=CARTESIAN_POINT('',(214.,-0.,0.));
#3659=DIRECTION('',(0.,0.,1.));
#3660=VECTOR('',#3659,7.);
#3661=LINE('',#3658,#3660);
#3662=EDGE_CURVE('',#3334,#2950,#3661,.T.);
#3663=ORIENTED_EDGE('',*,*,#3662,.T.);
#3664=EDGE_LOOP('',(#3650,#3656,#3657,#3663));
#3665=FACE_BOUND('',#3664,.T.);
#3666=ADVANCED_FACE('',(#3665),#3649,.F.);
#3667=CARTESIAN_POINT('',(110.,53.,1.));
#3668=DIRECTION('',(1.,0.,-0.));
#3669=DIRECTION('',(-0.,0.,-1.));
#3670=AXIS2_PLACEMENT_3D('',#3667,#3668,#3669);
#3671=PLANE('',#3670);
#3672=ORIENTED_EDGE('',*,*,#2533,.F.);
#3673=ORIENTED_EDGE('',*,*,#2477,.T.);
#3674=ORIENTED_EDGE('',*,*,#3004,.T.);
#3675=ORIENTED_EDGE('',*,*,#3453,.T.);
#3676=CARTESIAN_POINT('',(110.,106.400555311,0.));
#3677=DIRECTION('',(0.,0.921118787,0.389281621));
#3678=VECTOR('',#3677,16.935323553);
#3679=LINE('',#3676,#3678);
#3680=EDGE_CURVE('',#3261,#3441,#3679,.T.);
#3681=ORIENTED_EDGE('',*,*,#3680,.F.);
#3682=ORIENTED_EDGE('',*,*,#3266,.F.);
#3683=CARTESIAN_POINT('',(110.,2.,0.));
#3684=DIRECTION('',(0.,0.,1.));
#3685=VECTOR('',#3684,7.);
#3686=LINE('',#3683,#3685);
#3687=EDGE_CURVE('',#3259,#2933,#3686,.T.);
#3688=ORIENTED_EDGE('',*,*,#3687,.T.);
#3689=ORIENTED_EDGE('',*,*,#2938,.T.);
#3690=CARTESIAN_POINT('',(110.,91.,3.));
#3691=DIRECTION('',(0.,0.,1.));
#3692=VECTOR('',#3691,4.);
#3693=LINE('',#3690,#3692);
#3694=EDGE_CURVE('',#2528,#2925,#3693,.T.);
#3695=ORIENTED_EDGE('',*,*,#3694,.F.);
#3696=EDGE_LOOP('',(#3672,#3673,#3674,#3675,#3681,#3682,#3688,#3689,#3695));
#3697=FACE_BOUND('',#3696,.T.);
#3698=ADVANCED_FACE('',(#3697),#3671,.F.);
#3699=CARTESIAN_POINT('',(163.,2.5,1.));
#3700=DIRECTION('',(0.,1.,0.));
#3701=DIRECTION('',(-0.,0.,-1.));
#3702=AXIS2_PLACEMENT_3D('',#3699,#3700,#3701);
#3703=PLANE('',#3702);
#3704=CARTESIAN_POINT('',(117.,2.5,1.));
#3705=DIRECTION('',(0.,0.,1.));
#3706=VECTOR('',#3705,2.);
#3707=LINE('',#3704,#3706);
#3708=EDGE_CURVE('',#3177,#2640,#3707,.T.);
#3709=ORIENTED_EDGE('',*,*,#3708,.F.);
#3710=ORIENTED_EDGE('',*,*,#3182,.T.);
#3711=ORIENTED_EDGE('',*,*,#3051,.T.);
#3712=ORIENTED_EDGE('',*,*,#2914,.F.);
#3713=ORIENTED_EDGE('',*,*,#3593,.F.);
#3714=ORIENTED_EDGE('',*,*,#2653,.T.);
#3715=EDGE_LOOP('',(#3709,#3710,#3711,#3712,#3713,#3714));
#3716=FACE_BOUND('',#3715,.T.);
#3717=ADVANCED_FACE('',(#3716),#3703,.T.);
#3718=CARTESIAN_POINT('',(216.,53.,1.));
#3719=DIRECTION('',(-1.,0.,0.));
#3720=DIRECTION('',(0.,0.,1.));
#3721=AXIS2_PLACEMENT_3D('',#3718,#3719,#3720);
#3722=PLANE('',#3721);
#3723=ORIENTED_EDGE('',*,*,#2972,.T.);
#3724=CARTESIAN_POINT('',(216.,2.,7.));
#3725=DIRECTION('',(-0.,-0.,-1.));
#3726=VECTOR('',#3725,7.);
#3727=LINE('',#3724,#3726);
#3728=EDGE_CURVE('',#2958,#3326,#3727,.T.);
#3729=ORIENTED_EDGE('',*,*,#3728,.T.);
#3730=ORIENTED_EDGE('',*,*,#3331,.F.);
#3731=CARTESIAN_POINT('',(216.,122.,0.));
#3732=DIRECTION('',(0.,-0.,1.));
#3733=VECTOR('',#3732,7.);
#3734=LINE('',#3731,#3733);
#3735=EDGE_CURVE('',#3317,#2967,#3734,.T.);
#3736=ORIENTED_EDGE('',*,*,#3735,.T.);
#3737=EDGE_LOOP('',(#3723,#3729,#3730,#3736));
#3738=FACE_BOUND('',#3737,.T.);
#3739=ADVANCED_FACE('',(#3738),#3722,.F.);
#3740=CARTESIAN_POINT('',(163.,63.,3.));
#3741=DIRECTION('',(0.,1.,0.));
#3742=DIRECTION('',(-0.,0.,-1.));
#3743=AXIS2_PLACEMENT_3D('',#3740,#3741,#3742);
#3744=PLANE('',#3743);
#3745=ORIENTED_EDGE('',*,*,#3230,.T.);
#3746=CARTESIAN_POINT('',(173.,63.,1.));
#3747=DIRECTION('',(0.,0.,1.));
#3748=VECTOR('',#3747,2.);
#3749=LINE('',#3746,#3748);
#3750=EDGE_CURVE('',#3217,#2600,#3749,.T.);
#3751=ORIENTED_EDGE('',*,*,#3750,.T.);
#3752=ORIENTED_EDGE('',*,*,#2605,.F.);
#3753=CARTESIAN_POINT('',(153.,63.,1.));
#3754=DIRECTION('',(0.,0.,1.));
#3755=VECTOR('',#3754,2.);
#3756=LINE('',#3753,#3755);
#3757=EDGE_CURVE('',#3225,#2592,#3756,.T.);
#3758=ORIENTED_EDGE('',*,*,#3757,.F.);
#3759=EDGE_LOOP('',(#3745,#3751,#3752,#3758));
#3760=FACE_BOUND('',#3759,.T.);
#3761=ADVANCED_FACE('',(#3760),#3744,.F.);
#3762=CARTESIAN_POINT('',(117.,6.75,1.));
#3763=DIRECTION('',(-1.,0.,0.));
#3764=DIRECTION('',(0.,0.,1.));
#3765=AXIS2_PLACEMENT_3D('',#3762,#3763,#3764);
#3766=PLANE('',#3765);
#3767=ORIENTED_EDGE('',*,*,#2645,.F.);
#3768=CARTESIAN_POINT('',(117.,11.,1.));
#3769=DIRECTION('',(0.,0.,1.));
#3770=VECTOR('',#3769,2.);
#3771=LINE('',#3768,#3770);
#3772=EDGE_CURVE('',#3185,#2632,#3771,.T.);
#3773=ORIENTED_EDGE('',*,*,#3772,.F.);
#3774=ORIENTED_EDGE('',*,*,#3190,.T.);
#3775=ORIENTED_EDGE('',*,*,#3708,.T.);
#3776=EDGE_LOOP('',(#3767,#3773,#3774,#3775));
#3777=FACE_BOUND('',#3776,.T.);
#3778=ADVANCED_FACE('',(#3777),#3766,.T.);
#3779=CARTESIAN_POINT('',(114.75,11.,1.));
#3780=DIRECTION('',(0.,-1.,0.));
#3781=DIRECTION('',(0.,0.,1.));
#3782=AXIS2_PLACEMENT_3D('',#3779,#3780,#3781);
#3783=PLANE('',#3782);
#3784=ORIENTED_EDGE('',*,*,#3107,.T.);
#3785=ORIENTED_EDGE('',*,*,#2557,.F.);
#3786=ORIENTED_EDGE('',*,*,#3065,.F.);
#3787=ORIENTED_EDGE('',*,*,#3173,.T.);
#3788=EDGE_LOOP('',(#3784,#3785,#3786,#3787));
#3789=FACE_BOUND('',#3788,.T.);
#3790=ADVANCED_FACE('',(#3789),#3783,.T.);
#3791=CARTESIAN_POINT('',(159.,11.,3.));
#3792=DIRECTION('',(0.,1.,0.));
#3793=DIRECTION('',(-0.,0.,-1.));
#3794=AXIS2_PLACEMENT_3D('',#3791,#3792,#3793);
#3795=PLANE('',#3794);
#3796=ORIENTED_EDGE('',*,*,#3198,.F.);
#3797=ORIENTED_EDGE('',*,*,#3772,.T.);
#3798=ORIENTED_EDGE('',*,*,#2637,.T.);
#3799=CARTESIAN_POINT('',(205.,11.,3.));
#3800=DIRECTION('',(-0.,0.,-1.));
#3801=VECTOR('',#3800,2.);
#3802=LINE('',#3799,#3801);
#3803=EDGE_CURVE('',#2624,#3193,#3802,.T.);
#3804=ORIENTED_EDGE('',*,*,#3803,.T.);
#3805=EDGE_LOOP('',(#3796,#3797,#3798,#3804));
#3806=FACE_BOUND('',#3805,.T.);
#3807=ADVANCED_FACE('',(#3806),#3795,.T.);
#3808=CARTESIAN_POINT('',(153.,62.,1.));
#3809=DIRECTION('',(1.,0.,-0.));
#3810=DIRECTION('',(-0.,0.,-1.));
#3811=AXIS2_PLACEMENT_3D('',#3808,#3809,#3810);
#3812=PLANE('',#3811);
#3813=ORIENTED_EDGE('',*,*,#2597,.F.);
#3814=ORIENTED_EDGE('',*,*,#3144,.F.);
#3815=ORIENTED_EDGE('',*,*,#3236,.T.);
#3816=ORIENTED_EDGE('',*,*,#3757,.T.);
#3817=EDGE_LOOP('',(#3813,#3814,#3815,#3816));
#3818=FACE_BOUND('',#3817,.T.);
#3819=ADVANCED_FACE('',(#3818),#3812,.T.);
#3820=CARTESIAN_POINT('',(173.,62.,1.));
#3821=DIRECTION('',(-1.,0.,0.));
#3822=DIRECTION('',(0.,0.,1.));
#3823=AXIS2_PLACEMENT_3D('',#3820,#3821,#3822);
#3824=PLANE('',#3823);
#3825=ORIENTED_EDGE('',*,*,#2613,.F.);
#3826=ORIENTED_EDGE('',*,*,#3750,.F.);
#3827=ORIENTED_EDGE('',*,*,#3222,.T.);
#3828=CARTESIAN_POINT('',(173.,61.,1.));
#3829=DIRECTION('',(0.,0.,1.));
#3830=VECTOR('',#3829,2.);
#3831=LINE('',#3828,#3830);
#3832=EDGE_CURVE('',#3209,#2608,#3831,.T.);
#3833=ORIENTED_EDGE('',*,*,#3832,.T.);
#3834=EDGE_LOOP('',(#3825,#3826,#3827,#3833));
#3835=FACE_BOUND('',#3834,.T.);
#3836=ADVANCED_FACE('',(#3835),#3824,.T.);
#3837=CARTESIAN_POINT('',(205.,32.,1.));
#3838=DIRECTION('',(-1.,0.,0.));
#3839=DIRECTION('',(0.,1.,-0.));
#3840=AXIS2_PLACEMENT_3D('',#3837,#3838,#3839);
#3841=PLANE('',#3840);
#3842=ORIENTED_EDGE('',*,*,#3803,.F.);
#3843=ORIENTED_EDGE('',*,*,#2629,.F.);
#3844=CARTESIAN_POINT('',(205.,61.,1.));
#3845=DIRECTION('',(0.,0.,1.));
#3846=VECTOR('',#3845,2.);
#3847=LINE('',#3844,#3846);
#3848=EDGE_CURVE('',#3201,#2616,#3847,.T.);
#3849=ORIENTED_EDGE('',*,*,#3848,.F.);
#3850=ORIENTED_EDGE('',*,*,#3206,.T.);
#3851=EDGE_LOOP('',(#3842,#3843,#3849,#3850));
#3852=FACE_BOUND('',#3851,.T.);
#3853=ADVANCED_FACE('',(#3852),#3841,.T.);
#3854=CARTESIAN_POINT('',(189.,61.,1.));
#3855=DIRECTION('',(-0.,-1.,0.));
#3856=DIRECTION('',(-1.,0.,0.));
#3857=AXIS2_PLACEMENT_3D('',#3854,#3855,#3856);
#3858=PLANE('',#3857);
#3859=ORIENTED_EDGE('',*,*,#2621,.F.);
#3860=ORIENTED_EDGE('',*,*,#3832,.F.);
#3861=ORIENTED_EDGE('',*,*,#3214,.T.);
#3862=ORIENTED_EDGE('',*,*,#3848,.T.);
#3863=EDGE_LOOP('',(#3859,#3860,#3861,#3862));
#3864=FACE_BOUND('',#3863,.T.);
#3865=ADVANCED_FACE('',(#3864),#3858,.T.);
#3866=CARTESIAN_POINT('',(208.,56.,1.));
#3867=DIRECTION('',(0.,0.,1.));
#3868=DIRECTION('',(1.,0.,-0.));
#3869=AXIS2_PLACEMENT_3D('',#3866,#3867,#3868);
#3870=CYLINDRICAL_SURFACE('',#3869,1.);
#3871=CARTESIAN_POINT('',(209.,56.,3.));
#3872=DIRECTION('',(-0.,-0.,-1.));
#3873=VECTOR('',#3872,3.);
#3874=LINE('',#3871,#3873);
#3875=EDGE_CURVE('',#2501,#3360,#3874,.T.);
#3876=ORIENTED_EDGE('',*,*,#3875,.F.);
#3877=ORIENTED_EDGE('',*,*,#2507,.F.);
#3878=ORIENTED_EDGE('',*,*,#2514,.F.);
#3879=ORIENTED_EDGE('',*,*,#3875,.T.);
#3880=ORIENTED_EDGE('',*,*,#3368,.T.);
#3881=ORIENTED_EDGE('',*,*,#3375,.T.);
#3882=EDGE_LOOP('',(#3876,#3877,#3878,#3879,#3880,#3881));
#3883=FACE_BOUND('',#3882,.T.);
#3884=ADVANCED_FACE('',(#3883),#3870,.F.);
#3885=CARTESIAN_POINT('',(112.,2.,1.));
#3886=DIRECTION('',(0.,0.,1.));
#3887=DIRECTION('',(1.,0.,-0.));
#3888=AXIS2_PLACEMENT_3D('',#3885,#3886,#3887);
#3889=CYLINDRICAL_SURFACE('',#3888,2.);
#3890=ORIENTED_EDGE('',*,*,#3355,.F.);
#3891=ORIENTED_EDGE('',*,*,#3655,.F.);
#3892=ORIENTED_EDGE('',*,*,#2947,.F.);
#3893=ORIENTED_EDGE('',*,*,#3687,.F.);
#3894=EDGE_LOOP('',(#3890,#3891,#3892,#3893));
#3895=FACE_BOUND('',#3894,.T.);
#3896=ADVANCED_FACE('',(#3895),#3889,.T.);
#3897=CARTESIAN_POINT('',(214.,2.,1.));
#3898=DIRECTION('',(0.,0.,1.));
#3899=DIRECTION('',(1.,0.,-0.));
#3900=AXIS2_PLACEMENT_3D('',#3897,#3898,#3899);
#3901=CYLINDRICAL_SURFACE('',#3900,2.);
#3902=ORIENTED_EDGE('',*,*,#3340,.F.);
#3903=ORIENTED_EDGE('',*,*,#3728,.F.);
#3904=ORIENTED_EDGE('',*,*,#2964,.F.);
#3905=ORIENTED_EDGE('',*,*,#3662,.F.);
#3906=EDGE_LOOP('',(#3902,#3903,#3904,#3905));
#3907=FACE_BOUND('',#3906,.T.);
#3908=ADVANCED_FACE('',(#3907),#3901,.T.);
#3909=CARTESIAN_POINT('',(214.,122.,5.));
#3910=DIRECTION('',(-0.,0.,-1.));
#3911=DIRECTION('',(-1.,0.,0.));
#3912=AXIS2_PLACEMENT_3D('',#3909,#3910,#3911);
#3913=CYLINDRICAL_SURFACE('',#3912,2.);
#3914=ORIENTED_EDGE('',*,*,#2981,.F.);
#3915=ORIENTED_EDGE('',*,*,#3735,.F.);
#3916=ORIENTED_EDGE('',*,*,#3323,.F.);
#3917=ORIENTED_EDGE('',*,*,#3406,.F.);
#3918=EDGE_LOOP('',(#3914,#3915,#3916,#3917));
#3919=FACE_BOUND('',#3918,.T.);
#3920=ADVANCED_FACE('',(#3919),#3913,.T.);
#3921=CARTESIAN_POINT('',(169.096564767,92.344553234,2.));
#3922=DIRECTION('',(0.906307787,-0.422618262,-0.));
#3923=DIRECTION('',(0.422618262,0.906307787,0.));
#3924=AXIS2_PLACEMENT_3D('',#3921,#3922,#3923);
#3925=PLANE('',#3924);
#3926=ORIENTED_EDGE('',*,*,#3290,.T.);
#3927=ORIENTED_EDGE('',*,*,#3524,.F.);
#3928=ORIENTED_EDGE('',*,*,#3539,.F.);
#3929=ORIENTED_EDGE('',*,*,#3479,.T.);
#3930=EDGE_LOOP('',(#3926,#3927,#3928,#3929));
#3931=FACE_BOUND('',#3930,.T.);
#3932=ADVANCED_FACE('',(#3931),#3925,.F.);
#3933=CARTESIAN_POINT('',(10.534518867,-13.418640449,39.508559858));
#3934=DIRECTION('',(-0.640856382,0.298836239,-0.707106781));
#3935=DIRECTION('',(-0.759103113,-0.109537961,0.64168832));
#3936=AXIS2_PLACEMENT_3D('',#3933,#3934,#3935);
#3937=PLANE('',#3936);
#3938=ORIENTED_EDGE('',*,*,#3470,.T.);
#3939=ORIENTED_EDGE('',*,*,#3570,.F.);
#3940=ORIENTED_EDGE('',*,*,#3415,.T.);
#3941=ORIENTED_EDGE('',*,*,#3306,.F.);
#3942=EDGE_LOOP('',(#3938,#3939,#3940,#3941));
#3943=FACE_BOUND('',#3942,.T.);
#3944=ADVANCED_FACE('',(#3943),#3937,.T.);
#3945=CARTESIAN_POINT('',(10.534518867,-13.418640449,39.508559858));
#3946=DIRECTION('',(-0.640856382,0.298836239,-0.707106781));
#3947=DIRECTION('',(-0.759103113,-0.109537961,0.64168832));
#3948=AXIS2_PLACEMENT_3D('',#3945,#3946,#3947);
#3949=PLANE('',#3948);
#3950=ORIENTED_EDGE('',*,*,#3274,.F.);
#3951=ORIENTED_EDGE('',*,*,#3680,.T.);
#3952=ORIENTED_EDGE('',*,*,#3447,.F.);
#3953=ORIENTED_EDGE('',*,*,#3393,.T.);
#3954=ORIENTED_EDGE('',*,*,#3546,.T.);
#3955=ORIENTED_EDGE('',*,*,#3510,.F.);
#3956=EDGE_LOOP('',(#3950,#3951,#3952,#3953,#3954,#3955));
#3957=FACE_BOUND('',#3956,.T.);
#3958=ADVANCED_FACE('',(#3957),#3949,.T.);
#3959=CARTESIAN_POINT('',(118.,58.,-0.));
#3960=DIRECTION('',(0.,0.,1.));
#3961=DIRECTION('',(1.,0.,-0.));
#3962=AXIS2_PLACEMENT_3D('',#3959,#3960,#3961);
#3963=CYLINDRICAL_SURFACE('',#3962,1.);
#3964=CARTESIAN_POINT('',(119.,58.,3.));
#3965=DIRECTION('',(-0.,-0.,-1.));
#3966=VECTOR('',#3965,3.);
#3967=LINE('',#3964,#3966);
#3968=EDGE_CURVE('',#2488,#3248,#3967,.T.);
#3969=ORIENTED_EDGE('',*,*,#3968,.F.);
#3970=ORIENTED_EDGE('',*,*,#2494,.T.);
#3971=ORIENTED_EDGE('',*,*,#3968,.T.);
#3972=ORIENTED_EDGE('',*,*,#3254,.F.);
#3973=EDGE_LOOP('',(#3969,#3970,#3971,#3972));
#3974=FACE_BOUND('',#3973,.T.);
#3975=ADVANCED_FACE('',(#3974),#3963,.F.);
#3976=CARTESIAN_POINT('',(118.,56.,3.));
#3977=DIRECTION('',(-0.,1.,0.));
#3978=DIRECTION('',(-1.,-0.,0.));
#3979=AXIS2_PLACEMENT_3D('',#3976,#3977,#3978);
#3980=PLANE('',#3979);
#3981=ORIENTED_EDGE('',*,*,#3166,.T.);
#3982=CARTESIAN_POINT('',(123.5,56.,3.));
#3983=DIRECTION('',(-0.,0.,-1.));
#3984=VECTOR('',#3983,2.);
#3985=LINE('',#3982,#3984);
#3986=EDGE_CURVE('',#2568,#3155,#3985,.T.);
#3987=ORIENTED_EDGE('',*,*,#3986,.F.);
#3988=ORIENTED_EDGE('',*,*,#2573,.F.);
#3989=ORIENTED_EDGE('',*,*,#3098,.T.);
#3990=EDGE_LOOP('',(#3981,#3987,#3988,#3989));
#3991=FACE_BOUND('',#3990,.T.);
#3992=ADVANCED_FACE('',(#3991),#3980,.F.);
#3993=CARTESIAN_POINT('',(123.5,58.5,3.));
#3994=DIRECTION('',(-1.,0.,0.));
#3995=DIRECTION('',(-0.,-1.,0.));
#3996=AXIS2_PLACEMENT_3D('',#3993,#3994,#3995);
#3997=PLANE('',#3996);
#3998=ORIENTED_EDGE('',*,*,#3160,.T.);
#3999=ORIENTED_EDGE('',*,*,#3130,.F.);
#4000=ORIENTED_EDGE('',*,*,#2581,.F.);
#4001=ORIENTED_EDGE('',*,*,#3986,.T.);
#4002=EDGE_LOOP('',(#3998,#3999,#4000,#4001));
#4003=FACE_BOUND('',#4002,.T.);
#4004=ADVANCED_FACE('',(#4003),#3997,.F.);
#4005=CARTESIAN_POINT('',(134.,91.,4.));
#4006=DIRECTION('',(0.,-1.,0.));
#4007=DIRECTION('',(0.,0.,-1.));
#4008=AXIS2_PLACEMENT_3D('',#4005,#4006,#4007);
#4009=PLANE('',#4008);
#4010=ORIENTED_EDGE('',*,*,#3042,.T.);
#4011=ORIENTED_EDGE('',*,*,#2541,.F.);
#4012=ORIENTED_EDGE('',*,*,#3694,.T.);
#4013=ORIENTED_EDGE('',*,*,#2930,.T.);
#4014=EDGE_LOOP('',(#4010,#4011,#4012,#4013));
#4015=FACE_BOUND('',#4014,.T.);
#4016=ADVANCED_FACE('',(#4015),#4009,.F.);
#4017=CARTESIAN_POINT('',(127.,77.5,3.));
#4018=DIRECTION('',(1.,0.,0.));
#4019=DIRECTION('',(0.,0.,-1.));
#4020=AXIS2_PLACEMENT_3D('',#4017,#4018,#4019);
#4021=PLANE('',#4020);
#4022=ORIENTED_EDGE('',*,*,#2858,.F.);
#4023=CARTESIAN_POINT('',(127.,67.,3.));
#4024=DIRECTION('',(0.,0.,1.));
#4025=VECTOR('',#4024,4.);
#4026=LINE('',#4023,#4025);
#4027=EDGE_CURVE('',#2704,#2845,#4026,.T.);
#4028=ORIENTED_EDGE('',*,*,#4027,.F.);
#4029=ORIENTED_EDGE('',*,*,#2709,.T.);
#4030=ORIENTED_EDGE('',*,*,#3019,.T.);
#4031=EDGE_LOOP('',(#4022,#4028,#4029,#4030));
#4032=FACE_BOUND('',#4031,.T.);
#4033=ADVANCED_FACE('',(#4032),#4021,.T.);
#4034=CARTESIAN_POINT('',(163.,67.,3.));
#4035=DIRECTION('',(0.,1.,0.));
#4036=DIRECTION('',(0.,0.,1.));
#4037=AXIS2_PLACEMENT_3D('',#4034,#4035,#4036);
#4038=PLANE('',#4037);
#4039=ORIENTED_EDGE('',*,*,#2850,.F.);
#4040=CARTESIAN_POINT('',(199.,67.,3.));
#4041=DIRECTION('',(0.,0.,1.));
#4042=VECTOR('',#4041,4.);
#4043=LINE('',#4040,#4042);
#4044=EDGE_CURVE('',#2712,#2837,#4043,.T.);
#4045=ORIENTED_EDGE('',*,*,#4044,.F.);
#4046=ORIENTED_EDGE('',*,*,#2717,.T.);
#4047=ORIENTED_EDGE('',*,*,#4027,.T.);
#4048=EDGE_LOOP('',(#4039,#4045,#4046,#4047));
#4049=FACE_BOUND('',#4048,.T.);
#4050=ADVANCED_FACE('',(#4049),#4038,.T.);
#4051=CARTESIAN_POINT('',(199.,96.5,3.));
#4052=DIRECTION('',(-1.,0.,0.));
#4053=DIRECTION('',(0.,0.,1.));
#4054=AXIS2_PLACEMENT_3D('',#4051,#4052,#4053);
#4055=PLANE('',#4054);
#4056=ORIENTED_EDGE('',*,*,#2842,.F.);
#4057=ORIENTED_EDGE('',*,*,#2780,.F.);
#4058=ORIENTED_EDGE('',*,*,#2725,.T.);
#4059=ORIENTED_EDGE('',*,*,#4044,.T.);
#4060=EDGE_LOOP('',(#4056,#4057,#4058,#4059));
#4061=FACE_BOUND('',#4060,.T.);
#4062=ADVANCED_FACE('',(#4061),#4055,.T.);
#4063=CARTESIAN_POINT('',(0.,0.,5.));
#4064=DIRECTION('',(0.,0.,-1.));
#4065=DIRECTION('',(-1.,0.,0.));
#4066=AXIS2_PLACEMENT_3D('',#4063,#4064,#4065);
#4067=PLANE('',#4066);
#4068=ORIENTED_EDGE('',*,*,#2817,.T.);
#4069=CARTESIAN_POINT('',(167.422579682,84.022277467,5.));
#4070=VERTEX_POINT('',#4069);
#4071=CARTESIAN_POINT('',(127.,102.871635935,5.));
#4072=DIRECTION('',(0.906307787,-0.422618262,0.));
#4073=VECTOR('',#4072,44.601381848);
#4074=LINE('',#4071,#4073);
#4075=EDGE_CURVE('',#2806,#4070,#4074,.T.);
#4076=ORIENTED_EDGE('',*,*,#4075,.T.);
#4077=CARTESIAN_POINT('',(174.395781,98.976355954,5.));
#4078=VERTEX_POINT('',#4077);
#4079=CARTESIAN_POINT('',(167.422579682,84.022277467,5.));
#4080=DIRECTION('',(0.422618262,0.906307787,0.));
#4081=VECTOR('',#4080,16.5);
#4082=LINE('',#4079,#4081);
#4083=EDGE_CURVE('',#4070,#4078,#4082,.T.);
#4084=ORIENTED_EDGE('',*,*,#4083,.T.);
#4085=CARTESIAN_POINT('',(174.395781,98.976355954,5.));
#4086=DIRECTION('',(-0.906307787,0.422618262,0.));
#4087=VECTOR('',#4086,42.647575077);
#4088=LINE('',#4085,#4087);
#4089=EDGE_CURVE('',#4078,#2760,#4088,.T.);
#4090=ORIENTED_EDGE('',*,*,#4089,.T.);
#4091=ORIENTED_EDGE('',*,*,#2765,.F.);
#4092=EDGE_LOOP('',(#4068,#4076,#4084,#4090,#4091));
#4093=FACE_BOUND('',#4092,.T.);
#4094=ADVANCED_FACE('',(#4093),#4067,.F.);
#4095=CARTESIAN_POINT('',(146.465745285,114.207101338,3.));
#4096=DIRECTION('',(-0.298836239,-0.640856382,-0.707106781));
#4097=DIRECTION('',(0.906307787,-0.422618262,0.));
#4098=AXIS2_PLACEMENT_3D('',#4095,#4096,#4097);
#4099=PLANE('',#4098);
#4100=ORIENTED_EDGE('',*,*,#2771,.F.);
#4101=ORIENTED_EDGE('',*,*,#4089,.F.);
#4102=CARTESIAN_POINT('',(177.053633098,99.943735004,3.));
#4103=DIRECTION('',(-0.767255812,-0.279258278,0.577350269));
#4104=VECTOR('',#4103,3.464101615);
#4105=LINE('',#4102,#4104);
#4106=EDGE_CURVE('',#2736,#4078,#4105,.T.);
#4107=ORIENTED_EDGE('',*,*,#4106,.F.);
#4108=ORIENTED_EDGE('',*,*,#2741,.T.);
#4109=EDGE_LOOP('',(#4100,#4101,#4107,#4108));
#4110=FACE_BOUND('',#4109,.T.);
#4111=ADVANCED_FACE('',(#4110),#4099,.F.);
#4112=CARTESIAN_POINT('',(172.721795915,90.654080187,3.));
#4113=DIRECTION('',(-0.640856382,0.298836239,-0.707106781));
#4114=DIRECTION('',(-0.422618262,-0.906307787,-0.));
#4115=AXIS2_PLACEMENT_3D('',#4112,#4113,#4114);
#4116=PLANE('',#4115);
#4117=ORIENTED_EDGE('',*,*,#4106,.T.);
#4118=ORIENTED_EDGE('',*,*,#4083,.F.);
#4119=CARTESIAN_POINT('',(168.389958732,81.36442537,3.));
#4120=DIRECTION('',(-0.279258278,0.767255812,0.577350269));
#4121=VECTOR('',#4120,3.464101615);
#4122=LINE('',#4119,#4121);
#4123=EDGE_CURVE('',#2519,#4070,#4122,.T.);
#4124=ORIENTED_EDGE('',*,*,#4123,.F.);
#4125=ORIENTED_EDGE('',*,*,#2747,.T.);
#4126=EDGE_LOOP('',(#4117,#4118,#4124,#4125));
#4127=FACE_BOUND('',#4126,.T.);
#4128=ADVANCED_FACE('',(#4127),#4116,.F.);
#4129=CARTESIAN_POINT('',(137.80207092,95.627791704,3.));
#4130=DIRECTION('',(0.298836239,0.640856382,-0.707106781));
#4131=DIRECTION('',(-0.906307787,0.422618262,0.));
#4132=AXIS2_PLACEMENT_3D('',#4129,#4130,#4131);
#4133=PLANE('',#4132);
#4134=ORIENTED_EDGE('',*,*,#4123,.T.);
#4135=ORIENTED_EDGE('',*,*,#4075,.F.);
#4136=ORIENTED_EDGE('',*,*,#2811,.F.);
#4137=ORIENTED_EDGE('',*,*,#2455,.F.);
#4138=ORIENTED_EDGE('',*,*,#2524,.T.);
#4139=EDGE_LOOP('',(#4134,#4135,#4136,#4137,#4138));
#4140=FACE_BOUND('',#4139,.T.);
#4141=ADVANCED_FACE('',(#4140),#4133,.F.);
#4142=CLOSED_SHELL('',(#2481,#2751,#2798,#2828,#3009,#3031,#3069,#3086,#3117,#3148,#3241,#3379,#3433,#3458,#3497,#3528,#3558,#3576,#3598,#3615,#3632,#3644,#3666,#3698,#3717,#3739,
#3761,#3778,#3790,#3807,#3819,#3836,#3853,#3865,#3884,#3896,#3908,#3920,#3932,#3944,#3958,#3975,#3992,#4004,#4016,#4033,#4050,#4062,#4094,#4111,#4128,
#4141));
#4143=MANIFOLD_SOLID_BREP('Body 02',#4142);
#2433=STYLED_ITEM('',(#2432),#4143);
#16=SHAPE_REPRESENTATION('root',(#15),#10);
#17=ADVANCED_BREP_SHAPE_REPRESENTATION('root',(#2425,#4143),#10);
#4151=SHAPE_REPRESENTATION_RELATIONSHIP('','',#16,#17);
#4152=CARTESIAN_POINT('',(0.,0.,0.));
#4153=DIRECTION('',(0.,0.,1.));
#4154=DIRECTION('',(1.,0.,0.));
#4155=AXIS2_PLACEMENT_3D('',#4152,#4153,#4154);
#4157=MAPPED_ITEM('',#4156,#4155);
#4156=REPRESENTATION_MAP(#4155,#16);
#4158=APPLICATION_CONTEXT('Managed model based 3d engineering');
#4159=APPLICATION_PROTOCOL_DEFINITION('international standard','ap242_managed_model_based_3d_engineering',2014,#4158);
#4160=PRODUCT_CONTEXT('',#4158,'mechanical');
#4161=PRODUCT_DEFINITION_CONTEXT('part definition',#4158,'design');
#24=PRODUCT('root','root','',(#4160));
#4162=PRODUCT_RELATED_PRODUCT_CATEGORY('part','',(#24));
#4163=PRODUCT_DEFINITION_FORMATION_WITH_SPECIFIED_SOURCE('','',#24,.NOT_KNOWN.);
#25=PRODUCT_DEFINITION('design','',#4163,#4161);
#23=PRODUCT_DEFINITION_SHAPE('','',#25);
#4164=SHAPE_DEFINITION_REPRESENTATION(#23,#16);
#11=DRAUGHTING_MODEL('',(#4157),#10);
#4165=DESCRIPTIVE_REPRESENTATION_ITEM('KEY','/private/var/mobile/Containers/Data/Application/E4447B57-5B92-447E-AED9-8BF0A6B33187/tmp/13F23BC8-42F5-4609-9966-D6F6185E3FFC.tmp');
#4166=PROPERTY_DEFINITION('KEY','',#25);
#4167=REPRESENTATION('',(#4165),#10);
#4168=PROPERTY_DEFINITION_REPRESENTATION(#4166,#4167);
#4169=GENERAL_PROPERTY('','KEY','');
#4170=GENERAL_PROPERTY_ASSOCIATION('','',#4169,#4166);
#1=MECHANICAL_DESIGN_GEOMETRIC_PRESENTATION_REPRESENTATION('',(#26,#2433),#10);
ENDSEC;
END-ISO-10303-21;
